,SMILE,InChI,InchI_key,
Parvaquone,OC1=C(C2CCCCC2)C(=O)C3=CC=CC=C3C1=O,"InChI=1S/C16H16O3/c17-14-11-8-4-5-9-12(11)15(18)16(19)13(14)10-6-2-1-3-7-10/h4-5,8-10,19H,1-3,6-7H2",,
Chloroquine,Clc1cc2nccc(c2cc1)NC(C)CCCN(CC)CC,"InChI=1S/C18H26ClN3/c1-4-22(5-2)12-6-7-14(3)21-17-10-11-20-18-13-15(19)8-9-16(17)18/h8-11,13-14H,4-7,12H2,1-3H3,(H,20,21)",Key:WHTVZRBIWZFKQO-UHFFFAOYSA-N,
 Artemisinin-based combination therapies,C[C@@H]1CC[C@@H]3C42OO[C@](C)(CC[C@@H]12)O[C@H]4O[C@H](OC)[C@@H]3C,"InChI=1S/C16H26O5/c1-9-5-6-12-10(2)13(17-4)18-14-16(12)11(9)7-8-15(3,19-14)20-21-16/h9-14H,5-8H2,1-4H3/t9-,10-,11+,12+,13+,14-,15-,16-/m1/s1",Key:SXYIRMFQILZOAM-HVNFFKDJSA-N,
Metronidazole,OCCn1c(C)ncc1[N+](=O)[O-],"InChI=1S/C6H9N3O3/c1-5-7-4-6(9(11)12)8(5)2-3-10/h4,10H,2-3H2,1H3",Key:VAOCPAMSLUNLGC-UHFFFAOYSA-N,
 Tinidazole,CCS(=O)(=O)CCN1C(=NC=C1[N+](=O)[O-])C,"InChI=1S/C8H13N3O4S/c1-3-16(14,15)5-4-10-7(2)9-6-8(10)11(12)13/h6H,3-5H2,1-2H3",Key:HJLSLZFTEKNLFI-UHFFFAOYSA-N,
Albendazole,CCCSc2ccc1nc(NC(=O)OC)[nH]c1c2,"InChI=1S/C12H15N3O2S/c1-3-6-18-8-4-5-9-10(7-8)14-11(13-9)15-12(16)17-2/h4-5,7H,3,6H2,1-2H3,(H2,13,14,15,16)",Key:HXHWSAZORRCQMX-UHFFFAOYSA-N,
 Mebendazole,COC(=O)Nc3nc2ccc(C(=O)c1ccccc1)cc2[nH]3,"InChI=1S/C16H13N3O3/c1-22-16(21)19-15-17-12-8-7-11(9-13(12)18-15)14(20)10-5-3-2-4-6-10/h2-9H,1H3,(H2,17,18,19,21)",Key:OPXLLQIJSORQAM-UHFFFAOYSA-N,
Doxycycline,CN(C)[C@@H]3C(\O)=C(\C(N)=O)C(=O)[C@@]4(O)C(/O)=C2/C(=O)c1c(cccc1O)[C@H](C)[C@H]2[C@H](O)[C@@H]34,"InChI=1S/C22H24N2O8.H2O/c1-7-8-5-4-6-9(25)11(8)16(26)12-10(7)17(27)14-15(24(2)3)18(28)13(21(23)31)20(30)22(14,32)19(12)29;/h4-7,10,14-15,17,25,27-29,32H,1-3H3,(H2,23,31);1H2/t7-,10+,14+,15-,17-,22-;/m0./s1",Key:XQTWDDCIUJNLTR-CVHRZJFOSA-N,
 Rifampin,CN1CCN(CC1)/N=C/c2c(O)c3c5C(=O)[C@@]4(C)O/C=C/[C@H](OC)[C@@H](C)[C@@H](OC(C)=O)[C@H](C)[C@H](O)[C@H](C)[C@@H](O)[C@@H](C)\C=C\C=C(\C)C(=O)Nc2c(O)c3c(O)c(C)c5O4,"InChI=1S/C43H58N4O12/c1-21-12-11-13-22(2)42(55)45-33-28(20-44-47-17-15-46(9)16-18-47)37(52)30-31(38(33)53)36(51)26(6)40-32(30)41(54)43(8,59-40)57-19-14-29(56-10)23(3)39(58-27(7)48)25(5)35(50)24(4)34(21)49/h11-14,19-21,23-25,29,34-35,39,49-53H,15-18H2,1-10H3,(H,45,55)/b12-11+,19-14+,22-13-,44-20+/t21-,23+,24+,25+,29-,34-,35+,39+,43-/m0/s1",Key:JQXXHWHPUNPDRT-WLSIYKJHSA-N,
 Streptomycin,CC1C(C(C(O1)OC2C(C(C(C(C2O)O)N=C(N)N)O)N=C(N)N)OC3C(C(C(C(O3)CO)O)O)NC)(C=O)O,"InChI=1S/C21H39N7O12/c1-5-21(36,4-30)16(40-17-9(26-2)13(34)10(31)6(3-29)38-17)18(37-5)39-15-8(28-20(24)25)11(32)7(27-19(22)23)12(33)14(15)35/h4-18,26,29,31-36H,3H2,1-2H3,(H4,22,23,27)(H4,24,25,28)/t5-,6-,7+,8-,9-,10-,11+,12-,13-,14+,15+,16-,17-,18-,21+/m0/s1",Key:UCSJYZPVAKXKNQ-HZYVHMACSA-N,
 Chloramphenicol,c1cc(ccc1[C@H]([C@@H](CO)NC(=O)C(Cl)Cl)O)[N+](=O)[O-],"InChI=1S/C11H12Cl2N2O5/c12-10(13)11(18)14-8(5-16)9(17)6-1-3-7(4-2-6)15(19)20/h1-4,8-10,16-17H,5H2,(H,14,18)/t8-,9-/m1/s1",Key:WIIZWVCIJKGZOK-RKDXNWHRSA-N,
Clarithromycin,CC[C@@H]1[C@@]([C@@H]([C@H](C(=O)[C@@H](C[C@@]([C@@H]([C@H]([C@@H]([C@H](C(=O)O1)C)O[C@H]2C[C@@]([C@H]([C@@H](O2)C)O)(C)OC)C)O[C@H]3[C@@H]([C@H](C[C@H](O3)C)N(C)C)O)(C)OC)C)C)O)(C)O,"InChI=1S/C38H69NO13/c1-15-26-38(10,45)31(42)21(4)28(40)19(2)17-37(9,47-14)33(52-35-29(41)25(39(11)12)16-20(3)48-35)22(5)30(23(6)34(44)50-26)51-27-18-36(8,46-13)32(43)24(7)49-27/h19-27,29-33,35,41-43,45H,15-18H2,1-14H3/t19-,20-,21+,22+,23-,24+,25+,26-,27+,29-,30+,31-,32+,33-,35+,36-,37-,38-/m1/s1",Key:AGOYDEPGAOXOCK-KCBOHYOISA-N,
 Ethambutol,CC[C@@H](CO)NCCN[C@@H](CC)CO,"InChI=1S/C10H24N2O2/c1-3-9(7-13)11-5-6-12-10(4-2)8-14/h9-14H,3-8H2,1-2H3/t9-,10-/m0/s1",Key:AEUTYOVWOVBAKS-UWVGGRQHSA-N,
Dapsone,O=S(=O)(c1ccc(N)cc1)c2ccc(N)cc2,"InChI=1S/C12H12N2O2S/c13-9-1-5-11(6-2-9)17(15,16)12-7-3-10(14)4-8-12/h1-8H,13-14H2",Key:MQJKPEGWNLWLTK-UHFFFAOYSA-N,
 Clofazimine,CC(C)/N=c/1\cc-2n(c3ccccc3nc2cc1Nc4ccc(cc4)Cl)c5ccc(cc5)Cl,"InChI=1S/C27H22Cl2N4/c1-17(2)30-24-16-27-25(15-23(24)31-20-11-7-18(28)8-12-20)32-22-5-3-4-6-26(22)33(27)21-13-9-19(29)10-14-21/h3-17,31H,1-2H3",Key:WDQPAMHFFCXSNU-UHFFFAOYSA-N,
Ceftazidime,O=C2N1/C(=C(\CS[C@@H]1[C@@H]2NC(=O)C(=NOC(C(=O)O)(C)C)c3nc(sc3)N)C[n+]4ccccc4)C([O-])=O,"InChI=1S/C22H22N6O7S2/c1-22(2,20(33)34)35-26-13(12-10-37-21(23)24-12)16(29)25-14-17(30)28-15(19(31)32)11(9-36-18(14)28)8-27-6-4-3-5-7-27/h3-7,10,14,18H,8-9H2,1-2H3,(H4-,23,24,25,29,31,32,33,34)/b26-13-/t14-,18-/m1/s1",Key:ORFOPKXBNMVMKC-DWVKKRMSSA-N,
 Meropenem,O=C3N2\C(=C(\S[C@H]1C[C@@H](C(=O)N(C)C)NC1)[C@H](C)[C@@H]2[C@H]3[C@H](O)C)C(=O)O,"InChI=1S/C17H25N3O5S/c1-7-12-11(8(2)21)16(23)20(12)13(17(24)25)14(7)26-9-5-10(18-6-9)15(22)19(3)4/h7-12,18,21H,5-6H2,1-4H3,(H,24,25)/t7-,8-,9+,10+,11-,12-/m1/s1",Key:DMJNNHOOLUXYBV-PQTSNVLCSA-N,
 Ceftazidime,O=C2N1/C(=C(\CS[C@@H]1[C@@H]2NC(=O)C(=NOC(C(=O)O)(C)C)c3nc(sc3)N)C[n+]4ccccc4)C([O-])=O,"InChI=1S/C22H22N6O7S2/c1-22(2,20(33)34)35-26-13(12-10-37-21(23)24-12)16(29)25-14-17(30)28-15(19(31)32)11(9-36-18(14)28)8-27-6-4-3-5-7-27/h3-7,10,14,18H,8-9H2,1-2H3,(H4-,23,24,25,29,31,32,33,34)/b26-13-/t14-,18-/m1/s1",Key:ORFOPKXBNMVMKC-DWVKKRMSSA-N,
Fluconazole,OC(Cn1cncn1)(Cn1cncn1)c1ccc(F)cc1F,"InChI=1S/C13H12F2N6O/c14-10-1-2-11(12(15)3-10)13(22,4-20-8-16-6-18-20)5-21-9-17-7-19-21/h1-3,6-9,22H,4-5H2",Key:RFHAOTPXVQNOHP-UHFFFAOYSA-N,
 Amphotericin B,O=C(O)[C@@H]3[C@@H](O)C[C@@]2(O)C[C@@H](O)C[C@@H](O)[C@H](O)CC[C@@H](O)C[C@@H](O)CC(=O)O[C@@H](C)[C@H](C)[C@H](O)[C@@H](C)C=CC=CC=CC=CC=CC=CC=C[C@H](O[C@@H]1O[C@H](C)[C@@H](O)[C@H](N)[C@@H]1O)C[C@@H]3O2,"InChI=1S/C47H73NO17/c1-27-17-15-13-11-9-7-5-6-8-10-12-14-16-18-34(64-46-44(58)41(48)43(57)30(4)63-46)24-38-40(45(59)60)37(54)26-47(61,65-38)25-33(51)22-36(53)35(52)20-19-31(49)21-32(50)23-39(55)62-29(3)28(2)42(27)56/h5-18,27-38,40-44,46,49-54,56-58,61H,19-26,48H2,1-4H3,(H,59,60)/b6-5+,9-7+,10-8+,13-11+,14-12+,17-15+,18-16+/t27-,28-,29-,30+,31+,32+,33-,34-,35+,36+,37-,38-,40+,41-,42+,43+,44-,46-,47+/m0/s1",Key:APKFDSVGJQXUKY-INPOYWNPSA-N,
Cefepime,O=C2N1/C(=C(\CS[C@@H]1[C@@H]2NC(=O)C(=N\OC)/c3nc(sc3)N)C[N+]4(C)CCCC4)C([O-])=O,"InChI=1S/C19H24N6O5S2/c1-25(5-3-4-6-25)7-10-8-31-17-13(16(27)24(17)14(10)18(28)29)22-15(26)12(23-30-2)11-9-32-19(20)21-11/h9,13,17H,3-8H2,1-2H3,(H3-,20,21,22,26,28,29)/b23-12-/t13-,17-/m1/s1",Key:HVFLCNVBZFFHBT-ZKDACBOMSA-N,
Meropenem,O=C3N2\C(=C(\S[C@H]1C[C@@H](C(=O)N(C)C)NC1)[C@H](C)[C@@H]2[C@H]3[C@H](O)C)C(=O)O,"InChI=1S/C17H25N3O5S/c1-7-12-11(8(2)21)16(23)20(12)13(17(24)25)14(7)26-9-5-10(18-6-9)15(22)19(3)4/h7-12,18,21H,5-6H2,1-4H3,(H,24,25)/t7-,8-,9+,10+,11-,12-/m1/s1",Key:DMJNNHOOLUXYBV-PQTSNVLCSA-N,
 Doxycycline,CN(C)[C@@H]3C(\O)=C(\C(N)=O)C(=O)[C@@]4(O)C(/O)=C2/C(=O)c1c(cccc1O)[C@H](C)[C@H]2[C@H](O)[C@@H]34,"InChI=1S/C22H24N2O8.H2O/c1-7-8-5-4-6-9(25)11(8)16(26)12-10(7)17(27)14-15(24(2)3)18(28)13(21(23)31)20(30)22(14,32)19(12)29;/h4-7,10,14-15,17,25,27-29,32H,1-3H3,(H2,23,31);1H2/t7-,10+,14+,15-,17-,22-;/m0./s1",Key:XQTWDDCIUJNLTR-CVHRZJFOSA-N,
 Imipenem,O=C(O)/C1=C(\SCC/N=C/N)C[C@H]2N1C(=O)[C@@H]2[C@H](O)C.O,"InChI=1S/C12H17N3O4S.H2O/c1-6(16)9-7-4-8(20-3-2-14-5-13)10(12(18)19)15(7)11(9)17;/h5-7,9,16H,2-4H2,1H3,(H2,13,14)(H,18,19);1H2/t6-,7-,9-;/m1./s1",Key:GSOSVVULSKVSLQ-JJVRHELESA-N,
 Amoxicillin-clavulanate,CC1(C(N2C(S1)C(C2=O)NC(=O)C(C3=CC=C(C=C3)O)N)C(=O)O)C.C1C2N(C1=O)C(C(=CCO)O2)C(=O)[O-].[K+],InChI=DWHGNUUWCJZQHO-ZVDZYBSKSA-M,"Key:1S/C16H19N3O5S.C8H9NO5.K/c1-16(2)11(15(23)24)19-13(22)10(14(19)25-16)18-12(21)9(17)7-3-5-8(20)6-4-7;10-2-1-4-7(8(12)13)9-5(11)3-6(9)14-4;/h3-6,9-11,14,20H,17H2,1-2H3,(H,18,21)(H,23,24);1,6-7,10H,2-3H2,(H,12,13);/q;;+1/p-1/b;4-1-;/t9-,10-,11+,14-;6-,7-;/m11./s1",
Amphotericin B,O=C(O)[C@@H]3[C@@H](O)C[C@@]2(O)C[C@@H](O)C[C@@H](O)[C@H](O)CC[C@@H](O)C[C@@H](O)CC(=O)O[C@@H](C)[C@H](C)[C@H](O)[C@@H](C)C=CC=CC=CC=CC=CC=CC=C[C@H](O[C@@H]1O[C@H](C)[C@@H](O)[C@H](N)[C@@H]1O)C[C@@H]3O2,"InChI=1S/C47H73NO17/c1-27-17-15-13-11-9-7-5-6-8-10-12-14-16-18-34(64-46-44(58)41(48)43(57)30(4)63-46)24-38-40(45(59)60)37(54)26-47(61,65-38)25-33(51)22-36(53)35(52)20-19-31(49)21-32(50)23-39(55)62-29(3)28(2)42(27)56/h5-18,27-38,40-44,46,49-54,56-58,61H,19-26,48H2,1-4H3,(H,59,60)/b6-5+,9-7+,10-8+,13-11+,14-12+,17-15+,18-16+/t27-,28-,29-,30+,31+,32+,33-,34-,35+,36+,37-,38-,40+,41-,42+,43+,44-,46-,47+/m0/s1",Key:APKFDSVGJQXUKY-INPOYWNPSA-N,
 Flucytosine,Nc1[nH]c(=O)ncc1F,"InChI=1S/C4H4FN3O/c5-2-1-7-4(9)8-3(2)6/h1H,(H3,6,7,8,9)",Key:XRECTZIEBJDKEO-UHFFFAOYSA-N,
 Fluconazole,OC(Cn1cncn1)(Cn1cncn1)c1ccc(F)cc1F,"InChI=1S/C13H12F2N6O/c14-10-1-2-11(12(15)3-10)13(22,4-20-8-16-6-18-20)5-21-9-17-7-19-21/h1-3,6-9,22H,4-5H2",Key:RFHAOTPXVQNOHP-UHFFFAOYSA-N,
Ivermectin,CC[C@H](C)[C@@H]1[C@H](CC[C@@]2(O1)C[C@@H]3C[C@H](O2)C/C=C(/[C@H]([C@H](/C=C/C=C/4\CO[C@H]5[C@@]4([C@@H](C=C([C@H]5O)C)C(=O)O3)O)C)O[C@H]6C[C@@H]([C@H]([C@@H](O6)C)O[C@H]7C[C@@H]([C@H]([C@@H](O7)C)O)OC)OC)\C)C.C[C@H]1CC[C@]2(C[C@@H]3C[C@H](O2)C/C=C(/[C@H]([C@H](/C=C/C=C/4\CO[C@H]5[C@@]4([C@@H](C=C([C@H]5O)C)C(=O)O3)O)C)O[C@H]6C[C@@H]([C@H]([C@@H](O6)C)O[C@H]7C[C@@H]([C@H]([C@@H](O7)C)O)OC)OC)\C)O[C@@H]1C(C)C,"InChI=1S/C48H74O14.C47H72O14/c1-11-25(2)43-28(5)17-18-47(62-43)23-34-20-33(61-47)16-15-27(4)42(26(3)13-12-14-32-24-55-45-40(49)29(6)19-35(46(51)58-34)48(32,45)52)59-39-22-37(54-10)44(31(8)57-39)60-38-21-36(53-9)41(50)30(7)56-38;1-24(2)41-27(5)16-17-46(61-41)22-33-19-32(60-46)15-14-26(4)42(25(3)12-11-13-31-23-54-44-39(48)28(6)18â€“34(45(50)57-33)47(31,44)51)58-38-21-36(53â€“10)43(30(8)56â€“38)59-37-20-35(52â€“9)40(49)29(7)55-37/h12-15,19,25-26,28,30-31,33-45,49-50,52H,11,16-18,20-24H2,1-10H3;11-14,18,24-25,27,29-30,32-44,48-49,51H,15-17,19-23H2,1-10H3/b13-12+,27-15+,32-14+;12-11+,26-14+,31-13+/t25-,26-,28-,30-,31-,33+,34-,35-,36-,37-,38-,39-,40+,41-,42-,43+,44-,45+,47+,48+;25-,27-,29-,30-,32+,33-,34-,35-,36-,37-,38-,39+,40-,41+,42-,43-,44+,46+,47+/m00/s1",Key:SPBDXSGPUHCETR-JFUDTMANSA-N,
 Milbemycin oxime,C[C@H]([C@@H](C)CC1)O[C@]21C[C@](OC([C@@]3([H])[C@@]4(O)[C@@]5([H])/C(C(C)=C3)=N\O)=O)([H])C[C@](C/C=C(C)/C[C@@H](C)/C=C/C=C4\CO5)([H])O2.CC[C@H]([C@@H](C)CC6)O[C@]76C[C@](OC([C@@]8([H])[C@@]9(O)[C@@]%10([H])/C(C(C)=C8)=N\O)=O)([H])C[C@](C/C=C(C)/C[C@@H](C)/C=C/C=C9\CO%10)([H])O7.C[C@H]([C@@H](C)CC%11)O[C@]%12%11C[C@](OC([C@@]%13([H])[C@@]%14(O)[C@@]%15([H])/C(C(C)=C%13)=N\O)=O)([H])C[C@](C/C=C(C)/C[C@@H](C)/C=C/C=C%14\CO%15)([H])O%12.CC[C@H]([C@@H](C)CC%16)O[C@]%17%16C[C@](OC([C@@]%18([H])[C@@]%19(O)[C@@]%20([H])/C(C(C)=C%18)=N\O)=O)([H])C[C@](C/C=C(C)/C[C@@H](C)/C=C/C=C%19\CO%20)([H])O%17,"InChI=1S/2C32H45NO7.2C31H43NO7/c2*1-6-27-21(4)12-13-31(40-27)17-25-16-24(39-31)11-10-20(3)14-19(2)8-7-9-23-18-37-29-28(33-36)22(5)15-26(30(34)38-25)32(23,29)35;2*1-18-7-6-8-23-17-36-28-27(32-35)21(4)14-26(31(23,28)34)29(33)37-25-15-24(10-9-19(2)13-18)39-30(16-25)12-11-20(3)22(5)38-30/h2*7-10,15,19,21,24-27,29,35-36H,6,11-14,16-18H2,1-5H3;2*6-9,14,18,20,22,24-26,28,34-35H,10-13,15-17H2,1-5H3/b2*8-7+,20-10+,23-9+,33-28-;2*7-6+,19-9+,23-8+,32-27-/t2*19-,21-,24+,25-,26-,27+,29+,31+,32+;2*18-,20-,22+,24+,25-,26-,28+,30-,31+/m0000/s1",LKMMLHTWKLEARD-OAXGTHRDSA-N,
Isoniazid,C1=CN=CC=C1C(=O)NN,"InChI=1S/C6H7N3O/c7-9-6(10)5-1-3-8-4-2-5/h1-4H,7H2,(H,9,10)",Key:QRXWMOHMRWLFEY-UHFFFAOYSA-N,
 Pyrazinamide,O=C(N)c1nccnc1,"InChI=1S/C5H5N3O/c6-5(9)4-3-7-1-2-8-4/h1-3H,(H2,6,9)",Key:IPEHBUMCGVEMRF-UHFFFAOYSA-N,
Vancomycin,C[C@H]1[C@H]([C@@](C[C@@H](O1)O[C@@H]2[C@H]([C@@H]([C@H](O[C@H]2Oc3c4cc5cc3Oc6ccc(cc6Cl)[C@H]([C@H](C(=O)N[C@H](C(=O)N[C@H]5C(=O)N[C@@H]7c8ccc(c(c8)-c9c(cc(cc9O)O)[C@H](NC(=O)[C@H]([C@@H](c1ccc(c(c1)Cl)O4)O)NC7=O)C(=O)O)O)CC(=O)N)NC(=O)[C@@H](CC(C)C)NC)O)CO)O)O)(C)N)O,"InChI=1S/C66H75Cl2N9O24/c1-23(2)12-34(71-5)58(88)76-49-51(83)26-7-10-38(32(67)14-26)97-40-16-28-17-41(55(40)101-65-56(54(86)53(85)42(22-78)99-65)100-44-21-66(4,70)57(87)24(3)96-44)98-39-11-8-27(15-33(39)68)52(84)50-63(93)75-48(64(94)95)31-18-29(79)19-37(81)45(31)30-13-25(6-9-36(30)80)46(60(90)77-50)74-61(91)47(28)73-59(89)35(20-43(69)82)72-62(49)92/h6-11,13-19,23-24,34-35,42,44,46-54,56-57,65,71,78-81,83-87H,12,20-22,70H2,1-5H3,(H2,69,82)(H,72,92)(H,73,89)(H,74,91)(H,75,93)(H,76,88)(H,77,90)(H,94,95)/t24-,34+,35-,42+,44-,46+,47+,48-,49+,50-,51+,52+,53+,54-,56+,57+,65-,66-/m0/s1",Key:MYPYJXKWCTUITO-LYRMYLQWSA-N,
 Clindamycin,Cl[C@@H](C)[C@@H](NC(=O)[C@H]1N(C)C[C@H](CCC)C1)[C@H]2O[C@H](SC)[C@H](O)[C@@H](O)[C@H]2O,"InChI=1S/C18H33ClN2O5S/c1-5-6-10-7-11(21(3)8-10)17(25)20-12(9(2)19)16-14(23)13(22)15(24)18(26-16)27-4/h9-16,18,22-24H,5-8H2,1-4H3,(H,20,25)/t9-,10+,11-,12+,13-,14+,15+,16+,18+/m0/s1",Key:KDLRVYVGXIQJDK-AWPVFWJPSA-N,
 Ronidazole,O=C(OCc1ncc(n1C)[N+]([O-])=O)N,"InChI=1S/C6H8N4O4/c1-9-4(3-14-6(7)11)8-2-5(9)10(12)13/h2H,3H2,1H3,(H2,7,11)",,
 Echinocandins,O=C([C@@]([C@@H](O)[C@@H](C)C1)([H])N1C([C@@]([C@H](O)C)([H])NC([C@@]([C@H](O)[C@@H](O)C2=CC=C(O)C=C2)([H])NC([C@@]3([H])N4C[C@H](O)C3)=O)=O)=O)N[C@H](O)[C@H](O)C[C@H](NC(CCCCCCC/C=C\C/C=C\CCCCC)=O)C(N[C@]([C@H](O)C)([H])C4=O)=O,"InChI=1S/C52H81N7O16/c1-5-6-7-8-9-10-11-12-13-14-15-16-17-18-19-20-38(65)53-35-26-37(64)48(71)57-50(73)42-43(66)29(2)27-59(42)52(75)40(31(4)61)55-49(72)41(45(68)44(67)32-21-23-33(62)24-22-32)56-47(70)36-25-34(63)28-58(36)51(74)39(30(3)60)54-46(35)69/h9-10,12-13,21-24,29-31,34-37,39-45,48,60-64,66-68,71H,5-8,11,14-20,25-28H2,1-4H3,(H,53,65)(H,54,69)(H,55,72)(H,56,70)(H,57,73)/b10-9-,13-12-/t29-,30+,31+,34+,35-,36-,37+,39-,40-,41-,42-,43-,44-,45-,48+/m0/s1",,FAUOJMHVEYMQQG-HVYQDZECSA-N
 Rifampicin,CN1CCN(CC1)/N=C/c2c(O)c3c5C(=O)[C@@]4(C)O/C=C/[C@H](OC)[C@@H](C)[C@@H](OC(C)=O)[C@H](C)[C@H](O)[C@H](C)[C@@H](O)[C@@H](C)\C=C\C=C(\C)C(=O)Nc2c(O)c3c(O)c(C)c5O4,"InChI=1S/C43H58N4O12/c1-21-12-11-13-22(2)42(55)45-33-28(20-44-47-17-15-46(9)16-18-47)37(52)30-31(38(33)53)36(51)26(6)40-32(30)41(54)43(8,59-40)57-19-14-29(56-10)23(3)39(58-27(7)48)25(5)35(50)24(4)34(21)49/h11-14,19-21,23-25,29,34-35,39,49-53H,15-18H2,1-10H3,(H,45,55)/b12-11+,19-14+,22-13-,44-20+/t21-,23+,24+,25+,29-,34-,35+,39+,43-/m0/s1",Key:JQXXHWHPUNPDRT-WLSIYKJHSA-N,
 Artemisinin,O=C3O[C@@H]4O[C@@]1(OO[C@@]42[C@@H](CC1)[C@H](C)CC[C@H]2[C@H]3C)C,"InChI=1S/C15H22O5/c1-8-4-5-11-9(2)12(16)17-13-15(11)10(8)6-7-14(3,18-13)19-20-15/h8-11,13H,4-7H2,1-3H3/t8-,9-,10+,11+,13-,14-,15-/m1/s1",Key:BLUAFEHZUWYNDE-NNWCWBAJSA-N,
Rifabutin,C[C@H]1/C=C\C=C(/C(=O)NC2=C3C(=NC4(N3)CCN(CC4)CC(C)C)C5=C6C(=C(C(=C5C2=O)O)C)O[C@@](C6=O)(O/C=C\[C@@H]([C@H]([C@H]([C@@H]([C@@H]([C@@H]([C@H]1O)C)O)C)OC(=O)C)C)OC)C)\C,"InChI=1S/C46H62N4O11/c1-22(2)21-50-18-16-46(17-19-50)48-34-31-32-39(54)28(8)42-33(31)43(56)45(10,61-42)59-20-15-30(58-11)25(5)41(60-29(9)51)27(7)38(53)26(6)37(52)23(3)13-12-14-24(4)44(57)47-36(40(32)55)35(34)49-46/h12-15,20,22-23,25-27,30,37-38,41,49,52-54H,16-19,21H2,1-11H3,(H,47,57)/b13-12+,20-15+,24-14-/t23-,25+,26+,27+,30-,37-,38+,41+,45-/m0/s1",Key:ATEBXHFBFRCZMA-VXTBVIBXSA-N,
 Clarithromycin,CC[C@@H]1[C@@]([C@@H]([C@H](C(=O)[C@@H](C[C@@]([C@@H]([C@H]([C@@H]([C@H](C(=O)O1)C)O[C@H]2C[C@@]([C@H]([C@@H](O2)C)O)(C)OC)C)O[C@H]3[C@@H]([C@H](C[C@H](O3)C)N(C)C)O)(C)OC)C)C)O)(C)O,"InChI=1S/C38H69NO13/c1-15-26-38(10,45)31(42)21(4)28(40)19(2)17-37(9,47-14)33(52-35-29(41)25(39(11)12)16-20(3)48-35)22(5)30(23(6)34(44)50-26)51-27-18-36(8,46-13)32(43)24(7)49-27/h19-27,29-33,35,41-43,45H,15-18H2,1-14H3/t19-,20-,21+,22+,23-,24+,25+,26-,27+,29-,30+,31-,32+,33-,35+,36-,37-,38-/m1/s1",Key:AGOYDEPGAOXOCK-KCBOHYOISA-N,
Sulfamethoxazole,Nc1ccc(cc1)S(=O)(=O)Nc2cc(C)on2,"InChI=1S/C10H11N3O3S/c1-7-6-10(12-16-7)13-17(14,15)9-4-2-8(11)3-5-9/h2-6H,11H2,1H3,(H,12,13)",Key:JLKIGFTWXXRPMT-UHFFFAOYSA-N,
 Trimethoprim,Nc1nc(N)ncc1Cc(cc2OC)cc(OC)c2OC,"InChI=1S/C14H18N4O3/c1-19-10-5-8(6-11(20-2)12(10)21-3)4-9-7-17-14(16)18-13(9)15/h5-7H,4H2,1-3H3,(H4,15,16,17,18)",Key:IEDVJHCEMCRBQM-UHFFFAOYSA-N,
Ceftriaxone,O=C2N1/C(=C(\CS[C@@H]1[C@@H]2NC(=O)C(=N\OC)/c3nc(sc3)N)CS\C4=N\C(=O)C(=O)NN4C)C(=O)O,"InChI=1S/C18H18N8O7S3/c1-25-18(22-12(28)13(29)23-25)36-4-6-3-34-15-9(14(30)26(15)10(6)16(31)32)21-11(27)8(24-33-2)7-5-35-17(19)20-7/h5,9,15H,3-4H2,1-2H3,(H2,19,20)(H,21,27)(H,23,29)(H,31,32)/b24-8-/t9-,15-/m1/s1",Key:VAAUVRVFOQPIGI-SPQHTLEESA-N,
 Ciprofloxacin,C1CNCCN1c(c2)c(F)cc3c2N(C4CC4)C=C(C3=O)C(=O)O,"InChI=1S/C17H18FN3O3/c18-13-7-11-14(8-15(13)20-5-3-19-4-6-20)21(10-1-2-10)9-12(16(11)22)17(23)24/h7-10,19H,1-6H2,(H,23,24)",Key:MYSWGUAQZAJSOK-UHFFFAOYSA-N,
Tecovirimat,FC(F)(F)c1ccc(cc1)C(=O)NN1C(=O)C2C(C3C=CC2C2CC32)C1=O,"InChI=1S/C19H15F3N2O3/c20-19(21,22)9-3-1-8(2-4-9)16(25)23-24-17(26)14-10-5-6-11(13-7-12(10)13)15(14)18(24)27/h1-6,10-15H,7H2,(H,23,25)",Key:CSKDFZIMJXRJGH-UHFFFAOYSA-N,
 Cidofovir,O=C1/N=C(\C=C/N1C[C@H](OCP(=O)(O)O)CO)N,"InChI=1S/C8H14N3O6P/c9-7-1-2-11(8(13)10-7)3-6(4-12)17-5-18(14,15)16/h1-2,6,12H,3-5H2,(H2,9,10,13)(H2,14,15,16)/t6-/m0/s1",Key:VWFCHDSQECPREK-LURJTMIESA-N,
 Rifabutin,C[C@H]1/C=C\C=C(/C(=O)NC2=C3C(=NC4(N3)CCN(CC4)CC(C)C)C5=C6C(=C(C(=C5C2=O)O)C)O[C@@](C6=O)(O/C=C\[C@@H]([C@H]([C@H]([C@@H]([C@@H]([C@@H]([C@H]1O)C)O)C)OC(=O)C)C)OC)C)\C,"InChI=1S/C46H62N4O11/c1-22(2)21-50-18-16-46(17-19-50)48-34-31-32-39(54)28(8)42-33(31)43(56)45(10,61-42)59-20-15-30(58-11)25(5)41(60-29(9)51)27(7)38(53)26(6)37(52)23(3)13-12-14-24(4)44(57)47-36(40(32)55)35(34)49-46/h12-15,20,22-23,25-27,30,37-38,41,49,52-54H,16-19,21H2,1-11H3,(H,47,57)/b13-12+,20-15+,24-14-/t23-,25+,26+,27+,30-,37-,38+,41+,45-/m0/s1",Key:ATEBXHFBFRCZMA-VXTBVIBXSA-N,
 Amikacin,O=C(N[C@H]3[C@H](O[C@H]1O[C@@H]([C@@H](O)[C@H](N)[C@H]1O)CO)[C@@H](O)[C@H](O[C@H]2O[C@H](CN)[C@@H](O)[C@H](O)[C@H]2O)[C@@H](N)C3)[C@@H](O)CCN,"InChI=1S/C22H43N5O13/c23-2-1-8(29)20(36)27-7-3-6(25)18(39-22-16(34)15(33)13(31)9(4-24)37-22)17(35)19(7)40-21-14(32)11(26)12(30)10(5-28)38-21/h6-19,21-22,28-35H,1-5,23-26H2,(H,27,36)/t6-,7+,8-,9+,10+,11-,12+,13+,14+,15-,16+,17-,18+,19-,21+,22+/m0/s1",Key:LKCWBDHBTVXHDL-RMDFUYIESA-N,
Voriconazole,Fc1cncnc1[C@@H]([C@@](O)(c2ccc(F)cc2F)Cn3ncnc3)C,"InChI=1S/C16H14F3N5O/c1-10(15-14(19)5-20-7-22-15)16(25,6-24-9-21-8-23-24)12-3-2-11(17)4-13(12)18/h2-5,7-10,25H,6H2,1H3/t10-,16+/m0/s1",Key:BCEHBSKCWLPMDN-MGPLVRAMSA-N,
Imipenem,O=C(O)/C1=C(\SCC/N=C/N)C[C@H]2N1C(=O)[C@@H]2[C@H](O)C.O,"InChI=1S/C12H17N3O4S.H2O/c1-6(16)9-7-4-8(20-3-2-14-5-13)10(12(18)19)15(7)11(9)17;/h5-7,9,16H,2-4H2,1H3,(H2,13,14)(H,18,19);1H2/t6-,7-,9-;/m1./s1",Key:GSOSVVULSKVSLQ-JJVRHELESA-N,
 Colistin,O=C(N[C@H](C(=O)N[C@H](C(=O)N[C@H](C(=O)N[C@@H]1C(=O)N[C@H](C(=O)N[C@@H](C(=O)N[C@H](C(=O)N[C@H](C(=O)N[C@H](C(=O)N[C@H](C(=O)NCC1)[C@H](O)C)CCN)CCN)CC(C)C)CC(C)C)CCN)CCN)[C@H](O)C)CCN)CCCC(C)CC,"InChI=1S/C52H98N16O13/c1-9-29(6)11-10-12-40(71)59-32(13-19-53)47(76)68-42(31(8)70)52(81)64-35(16-22-56)44(73)63-37-18-24-58-51(80)41(30(7)69)67-48(77)36(17-23-57)61-43(72)33(14-20-54)62-49(78)38(25-27(2)3)66-50(79)39(26-28(4)5)65-45(74)34(15-21-55)60-46(37)75/h27-39,41-42,69-70H,9-26,53-57H2,1-8H3,(H,58,80)(H,59,71)(H,60,75)(H,61,72)(H,62,78)(H,63,73)(H,64,81)(H,65,74)(H,66,79)(H,67,77)(H,68,76)/t29?,30-,31-,32+,33+,34+,35+,36+,37+,38+,39-,41+,42+/m1/s1",Key:YKQOSKADJPQZHB-QNPLFGSASA-N,
 Brincidofovir,CCCCCCCCCCCCCCCCOCCCOP(=O)(O)CO[C@H](CO)Cn1ccc(N)nc1=O,"InChI=1S/C27H52N3O7P/c1-2-3-4-5-6-7-8-9-10-11-12-13-14-15-19-35-20-16-21-37-38(33,34)24-36-25(23-31)22-30-18-17-26(28)29-27(30)32/h17-18,25,31H,2-16,19-24H2,1H3,(H,33,34)(H2,28,29,32)/t25-/m0/s1",Key:WXJFKKQWPMNTIM-VWLOTQADSA-N,
 Isavuconazole,C[C@@H](c1nc(-c2ccc(C#N)cc2)cs1)[C@](O)(Cn1cncn1)c1cc(F)ccc1F,"InChI=1S/C22H17F2N5OS/c1-14(21-28-20(10-31-21)16-4-2-15(9-25)3-5-16)22(30,11-29-13-26-12-27-29)18-8-17(23)6-7-19(18)24/h2-8,10,12-14,30H,11H2,1H3/t14-,22+/m0/s1",Key:DDFOUSQFMYRUQK-RCDICMHDSA-N,
 Posaconazole,O=C1N(/N=C\N1c2ccc(cc2)N7CCN(c6ccc(OCC3C[C@@](OC3)(c4ccc(F)cc4F)Cn5ncnc5)cc6)CC7)[C@@H](CC)[C@@H](O)C,"InChI=1S/C37H42F2N8O4/c1-3-35(26(2)48)47-36(49)46(25-42-47)31-7-5-29(6-8-31)43-14-16-44(17-15-43)30-9-11-32(12-10-30)50-20-27-19-37(51-21-27,22-45-24-40-23-41-45)33-13-4-28(38)18-34(33)39/h4-13,18,23-27,35,48H,3,14-17,19-22H2,1-2H3/t26-,27?,35-,37-/m0/s1",Key:RAGOYPUPXAKGKH-AGDNISCASA-N,
 Itraconazole,O=C1N(/N=C\N1c2ccc(cc2)N7CCN(c6ccc(OC[C@@H]3O[C@](OC3)(c4ccc(Cl)cc4Cl)Cn5ncnc5)cc6)CC7)C(C)CC,"InChI=1S/C35H38Cl2N8O4/c1-3-25(2)45-34(46)44(24-40-45)29-7-5-27(6-8-29)41-14-16-42(17-15-41)28-9-11-30(12-10-28)47-19-31-20-48-35(49-31,21-43-23-38-22-39-43)32-13-4-26(36)18-33(32)37/h4-13,18,22-25,31H,3,14-17,19-21H2,1-2H3/t25?,31-,35-/m0/s1",Key:VHVPQPYKVGDNFY-ZPGVKDDISA-N,
 Caspofungin,[C@@]12(N(C[C@@H](C1)O)C([C@H]([C@@H](C)O)NC(=O)[C@](C[C@H]([C@@H](NCCN)NC([C@@H]3[C@H](CCN3C([C@H]([C@@H](CCN)O)NC(=O)[C@H]([C@@H]([C@H](C4=CC=C(C=C4)O)O)O)NC2=O)=O)O)=O)O)(NC(CCCCCCCC[C@H](C[C@H](CC)C)C)=O)[H])=O)[H],"InChI=1S/C52H88N10O15/c1-5-28(2)24-29(3)12-10-8-6-7-9-11-13-39(69)56-34-26-38(68)46(55-22-21-54)60-50(75)43-37(67)19-23-61(43)52(77)41(36(66)18-20-53)58-49(74)42(45(71)44(70)31-14-16-32(64)17-15-31)59-48(73)35-25-33(65)27-62(35)51(76)40(30(4)63)57-47(34)72/h14-17,28-30,33-38,40-46,55,63-68,70-71H,5-13,18-27,53-54H2,1-4H3,(H,56,69)(H,57,72)(H,58,74)(H,59,73)(H,60,75)/t28-,29+,30+,33+,34-,35-,36+,37-,38+,40-,41-,42-,43-,44-,45-,46-/m0/s1",JYIKNQVWKBUSNH-WVDDFWQHSA-N,
 Micafungin,CCCCCOc1ccc(-c2cc(-c3ccc(C(=O)N[C@H]4C[C@@H](O)[C@@H](O)N=C(O)[C@@H]5[C@@H](O)[C@@H](C)CN5C(=O)[C@H]([C@H](O)CC(=N)O)N=C(O)[C@H]([C@H](O)[C@@H](O)c5ccc(O)c(OS(=O)(=O)O)c5)N=C(O)[C@@H]5C[C@@H](O)CN5C(=O)[C@H]([C@H](C)O)N=C4O)cc3)no2)cc1,"InChI=1S/C56H71N9O23S/c1-4-5-6-17-86-32-14-11-28(12-15-32)39-21-33(63-87-39)27-7-9-29(10-8-27)49(75)58-34-20-38(70)52(78)62-54(80)45-46(72)25(2)23-65(45)56(82)43(37(69)22-41(57)71)60-53(79)44(48(74)47(73)30-13-16-36(68)40(18-30)88-89(83,84)85)61-51(77)35-19-31(67)24-64(35)55(81)42(26(3)66)59-50(34)76/h7-16,18,21,25-26,31,34-35,37-38,42-48,52,66-70,72-74,78H,4-6,17,19-20,22-24H2,1-3H3,(H2,57,71)(H,58,75)(H,59,76)(H,60,79)(H,61,77)(H,62,80)(H,83,84,85)/t25-,26-,31+,34-,35-,37+,38+,42-,43-,44-,45-,46-,47-,48-,52+/m0/s1",Key:PIEUQSKUWLMALL-NFGJWQNFSA-N,
 Tigecycline,CC(C)(C)NCC(=O)Nc1cc(c2C[C@H]3C[C@H]4[C@H](N(C)C)C(\O)=C(\C(N)=O)C(=O)[C@@]4(O)C(/O)=C3/C(=O)c2c1O)N(C)C,"InChI=1S/C29H39N5O8/c1-28(2,3)31-11-17(35)32-15-10-16(33(4)5)13-8-12-9-14-21(34(6)7)24(38)20(27(30)41)26(40)29(14,42)25(39)18(12)23(37)19(13)22(15)36/h10,12,14,21,31,36,38-39,42H,8-9,11H2,1-7H3,(H2,30,41)(H,32,35)/t12-,14-,21-,29-/m0/s1",Key:FPZLLRFZJZRHSY-HJYUBDRYSA-N,
Itraconazole,O=C1N(/N=C\N1c2ccc(cc2)N7CCN(c6ccc(OC[C@@H]3O[C@](OC3)(c4ccc(Cl)cc4Cl)Cn5ncnc5)cc6)CC7)C(C)CC,"InChI=1S/C35H38Cl2N8O4/c1-3-25(2)45-34(46)44(24-40-45)29-7-5-27(6-8-29)41-14-16-42(17-15-41)28-9-11-30(12-10-28)47-19-31-20-48-35(49-31,21-43-23-38-22-39-43)32-13-4-26(36)18-33(32)37/h4-13,18,22-25,31H,3,14-17,19-21H2,1-2H3/t25?,31-,35-/m0/s1",Key:VHVPQPYKVGDNFY-ZPGVKDDISA-N,
Ciprofloxacin,C1CNCCN1c(c2)c(F)cc3c2N(C4CC4)C=C(C3=O)C(=O)O,"InChI=1S/C17H18FN3O3/c18-13-7-11-14(8-15(13)20-5-3-19-4-6-20)21(10-1-2-10)9-12(16(11)22)17(23)24/h7-10,19H,1-6H2,(H,23,24)",Key:MYSWGUAQZAJSOK-UHFFFAOYSA-N,
 Amoxicillin,O=C(O)[C@@H]2N3C(=O)[C@@H](NC(=O)[C@@H](c1ccc(O)cc1)N)[C@H]3SC2(C)C,"InChI=1S/C16H19N3O5S/c1-16(2)11(15(23)24)19-13(22)10(14(19)25-16)18-12(21)9(17)7-3-5-8(20)6-4-7/h3-6,9-11,14,20H,17H2,1-2H3,(H,18,21)(H,23,24)/t9-,10-,11+,14-/m1/s1",Key:LSQZJLSUYDQPKJ-NJBDSQKTSA-N,
Bacitracin,CCC(C)C(N)NC4=NC(C(=O)N[C@@H](CC(C)C)C(=O)N[C@H](CCC(O)=O)C(=O)N[C@@H](C(C)CC)C(=O)N[C@H]3CCCCNC(=O)[C@H](CC(N)=O)NC(=O)[C@@H](CC(O)=O)NC(=O)[C@H](Cc1cnc[nH]1)NC(=O)[C@@H](Cc2ccccc2)NC(=O)[C@H](C(C)CC)NC(=O)[C@@H](CCCN)NC3=O)CS4,"InChI=1S/C66H103N17O16S/c1-9-35(6)52(69)66-81-48(32-100-66)63(97)76-43(26-34(4)5)59(93)74-42(22-23-50(85)86)58(92)83-53(36(7)10-2)64(98)75-40-20-15-16-25-71-55(89)46(29-49(68)84)78-62(96)47(30-51(87)88)79-61(95)45(28-39-31-70-33-72-39)77-60(94)44(27-38-18-13-12-14-19-38)80-65(99)54(37(8)11-3)82-57(91)41(21-17-24-67)73-56(40)90/h12-14,18-19,31,33-37,40-48,52-54H,9-11,15-17,20-30,32,67,69H2,1-8H3,(H2,68,84)(H,70,72)(H,71,89)(H,73,90)(H,74,93)(H,75,98)(H,76,97)(H,77,94)(H,78,96)(H,79,95)(H,80,99)(H,82,91)(H,83,92)(H,85,86)(H,87,88)/t35?,36?,37?,40-,41+,42+,43-,44+,45-,46-,47+,48?,52?,53-,54-/m0/s1",Key:CLKOFPXJLQSYAH-NVOBBBONSA-N,
 Erythromycin,CC[C@@H]1[C@@]([C@@H]([C@H](C(=O)[C@@H](C[C@@]([C@@H]([C@H]([C@@H]([C@H](C(=O)O1)C)O[C@H]2C[C@@]([C@H]([C@@H](O2)C)O)(C)OC)C)O[C@H]3[C@@H]([C@H](C[C@H](O3)C)N(C)C)O)(C)O)C)C)O)(C)O,"InChI=1S/C37H67NO13/c1-14-25-37(10,45)30(41)20(4)27(39)18(2)16-35(8,44)32(51-34-28(40)24(38(11)12)15-19(3)47-34)21(5)29(22(6)33(43)49-25)50-26-17-36(9,46-13)31(42)23(7)48-26/h18-26,28-32,34,40-42,44-45H,14-17H2,1-13H3/t18-,19-,20+,21+,22-,23+,24+,25-,26+,28-,29+,30-,31+,32-,34+,35-,36-,37-/m1/s1",Key:ULGZDMOVFRHVEP-RWJQBGPGSA-N,
Amoxicillin,O=C(O)[C@@H]2N3C(=O)[C@@H](NC(=O)[C@@H](c1ccc(O)cc1)N)[C@H]3SC2(C)C,"InChI=1S/C16H19N3O5S/c1-16(2)11(15(23)24)19-13(22)10(14(19)25-16)18-12(21)9(17)7-3-5-8(20)6-4-7/h3-6,9-11,14,20H,17H2,1-2H3,(H,18,21)(H,23,24)/t9-,10-,11+,14-/m1/s1",Key:LSQZJLSUYDQPKJ-NJBDSQKTSA-N,
 Ceftriaxone,O=C2N1/C(=C(\CS[C@@H]1[C@@H]2NC(=O)C(=N\OC)/c3nc(sc3)N)CS\C4=N\C(=O)C(=O)NN4C)C(=O)O,"InChI=1S/C18H18N8O7S3/c1-25-18(22-12(28)13(29)23-25)36-4-6-3-34-15-9(14(30)26(15)10(6)16(31)32)21-11(27)8(24-33-2)7-5-35-17(19)20-7/h5,9,15H,3-4H2,1-2H3,(H2,19,20)(H,21,27)(H,23,29)(H,31,32)/b24-8-/t9-,15-/m1/s1",Key:VAAUVRVFOQPIGI-SPQHTLEESA-N,
Azithromycin,CN(C)[C@H]3C[C@@H](C)O[C@@H](O[C@@H]2[C@@H](C)[C@H](O[C@H]1C[C@@](C)(OC)[C@@H](O)[C@H](C)O1)[C@@H](C)C(=O)O[C@H](CC)[C@@](C)(O)[C@H](O)[C@@H](C)N(C)C[C@H](C)C[C@@]2(C)O)[C@@H]3O,"InChI=1S/C38H72N2O12/c1-15-27-38(10,46)31(42)24(6)40(13)19-20(2)17-36(8,45)33(52-35-29(41)26(39(11)12)16-21(3)48-35)22(4)30(23(5)34(44)50-27)51-28-18-37(9,47-14)32(43)25(7)49-28/h20-33,35,41-43,45-46H,15-19H2,1-14H3/t20-,21-,22+,23-,24-,25+,26+,27-,28+,29-,30+,31-,32+,33-,35+,36-,37-,38-/m1/s1",Key:MQTOSJVFKKJCRP-BICOPXKESA-N,
 Metronidazole,OCCn1c(C)ncc1[N+](=O)[O-],"InChI=1S/C6H9N3O3/c1-5-7-4-6(9(11)12)8(5)2-3-10/h4,10H,2-3H2,1H3",Key:VAOCPAMSLUNLGC-UHFFFAOYSA-N,
 Tetracycline,C[C@]1(c2cccc(c2C(=O)C3=C([C@]4([C@@H](C[C@@H]31)[C@@H](C(=C(C4=O)C(=O)N)O)N(C)C)O)O)O)O,"InChI=1S/C22H24N2O8/c1-21(31)8-5-4-6-11(25)12(8)16(26)13-9(21)7-10-15(24(2)3)17(27)14(20(23)30)19(29)22(10,32)18(13)28/h4-6,9-10,15,25,27-28,31-32H,7H2,1-3H3,(H2,23,30)/t9-,10-,15-,21+,22-/m0/s1",Key:OFVLGDICTFRJMM-WESIUVDSSA-N,
 Oxytetracycline,CN(C)[C@@H]3C(\O)=C(\C(N)=O)C(=O)[C@@]4(O)C(/O)=C2/C(=O)c1c(cccc1O)[C@@](C)(O)[C@H]2[C@H](O)[C@@H]34,"InChI=1S/C22H24N2O9/c1-21(32)7-5-4-6-8(25)9(7)15(26)10-12(21)17(28)13-14(24(2)3)16(27)11(20(23)31)19(30)22(13,33)18(10)29/h4-6,12-14,17,25,27-29,32-33H,1-3H3,(H2,23,31)/t12-,13-,14+,17+,21-,22+/m1/s1",Key:IWVCMVBTMGNXQD-PXOLEDIWSA-N,
Ampicillin,CC1(C(N2C(S1)C(C2=O)NC(=O)C(C3=CC=CC=C3)N)C(=O)O)C,"InChI=1S/C16H19N3O4S/c1-16(2)11(15(22)23)19-13(21)10(14(19)24-16)18-12(20)9(17)8-6-4-3-5-7-8/h3-7,9-11,14H,17H2,1-2H3,(H,18,20)(H,22,23)/t9-,10-,11+,14-/m1/s1",Key:AVKUERGKIZMTKX-NJBDSQKTSA-N,
 Vancomycin,C[C@H]1[C@H]([C@@](C[C@@H](O1)O[C@@H]2[C@H]([C@@H]([C@H](O[C@H]2Oc3c4cc5cc3Oc6ccc(cc6Cl)[C@H]([C@H](C(=O)N[C@H](C(=O)N[C@H]5C(=O)N[C@@H]7c8ccc(c(c8)-c9c(cc(cc9O)O)[C@H](NC(=O)[C@H]([C@@H](c1ccc(c(c1)Cl)O4)O)NC7=O)C(=O)O)O)CC(=O)N)NC(=O)[C@@H](CC(C)C)NC)O)CO)O)O)(C)N)O,"InChI=1S/C66H75Cl2N9O24/c1-23(2)12-34(71-5)58(88)76-49-51(83)26-7-10-38(32(67)14-26)97-40-16-28-17-41(55(40)101-65-56(54(86)53(85)42(22-78)99-65)100-44-21-66(4,70)57(87)24(3)96-44)98-39-11-8-27(15-33(39)68)52(84)50-63(93)75-48(64(94)95)31-18-29(79)19-37(81)45(31)30-13-25(6-9-36(30)80)46(60(90)77-50)74-61(91)47(28)73-59(89)35(20-43(69)82)72-62(49)92/h6-11,13-19,23-24,34-35,42,44,46-54,56-57,65,71,78-81,83-87H,12,20-22,70H2,1-5H3,(H2,69,82)(H,72,92)(H,73,89)(H,74,91)(H,75,93)(H,76,88)(H,77,90)(H,94,95)/t24-,34+,35-,42+,44-,46+,47+,48-,49+,50-,51+,52+,53+,54-,56+,57+,65-,66-/m0/s1",Key:MYPYJXKWCTUITO-LYRMYLQWSA-N,
Streptomycin,CC1C(C(C(O1)OC2C(C(C(C(C2O)O)N=C(N)N)O)N=C(N)N)OC3C(C(C(C(O3)CO)O)O)NC)(C=O)O,"InChI=1S/C21H39N7O12/c1-5-21(36,4-30)16(40-17-9(26-2)13(34)10(31)6(3-29)38-17)18(37-5)39-15-8(28-20(24)25)11(32)7(27-19(22)23)12(33)14(15)35/h4-18,26,29,31-36H,3H2,1-2H3,(H4,22,23,27)(H4,24,25,28)/t5-,6-,7+,8-,9-,10-,11+,12-,13-,14+,15+,16-,17-,18-,21+/m0/s1",Key:UCSJYZPVAKXKNQ-HZYVHMACSA-N,
 Gentamicin,O[C@]3(C)[C@H](NC)[C@@H](O)[C@@H](O[C@H]2[C@H](N)C[C@H](N)[C@@H](O[C@H]1O[C@H](C(NC)C)CC[C@H]1N)[C@@H]2O)OC3,"InChI=1S/C21H43N5O7/c1-9(25-3)13-6-5-10(22)19(31-13)32-16-11(23)7-12(24)17(14(16)27)33-20-15(28)18(26-4)21(2,29)8-30-20/h9-20,25-29H,5-8,22-24H2,1-4H3/t9?,10-,11+,12-,13+,14+,15-,16-,17+,18-,19-,20-,21+/m1/s1",Key:CEAZRRDELHUEMR-URQXQFDESA-N,
 Levofloxacin,C[C@H]1COc2c3n1cc(c(=O)c3cc(c2N4CCN(CC4)C)F)C(=O)O,"InChI=1S/C18H20FN3O4/c1-10-9-26-17-14-11(16(23)12(18(24)25)8-22(10)14)7-13(19)15(17)21-5-3-20(2)4-6-21/h7-8,10H,3-6,9H2,1-2H3,(H,24,25)/t10-/m0/s1",Key:GSDSWSVVBLHKDQ-JTQLQIEISA-N,
 Tobramycin,C1[C@@H]([C@H]([C@@H]([C@H]([C@@H]1N)O[C@@H]2[C@@H]([C@H]([C@@H]([C@H](O2)CO)O)N)O)O)O[C@@H]3[C@@H](C[C@@H]([C@H](O3)CN)O)N)N,"InChI=1S/C18H37N5O9/c19-3-9-8(25)2-7(22)17(29-9)31-15-5(20)1-6(21)16(14(15)28)32-18-13(27)11(23)12(26)10(4-24)30-18/h5-18,24-28H,1-4,19-23H2/t5-,6+,7+,8-,9+,10+,11-,12+,13+,14-,15+,16-,17+,18+/m0/s1",Key:NLVFBUXFDBBNBW-PBSUHMDJSA-N,
 Linezolid,O=C1O[C@@H](CNC(=O)C)CN1c3cc(F)c(N2CCOCC2)cc3,"InChI=1S/C16H20FN3O4/c1-11(21)18-9-13-10-20(16(22)24-13)12-2-3-15(14(17)8-12)19-4-6-23-7-5-19/h2-3,8,13H,4-7,9-10H2,1H3,(H,18,21)/t13-/m0/s1",Key:TYZROVQLWOKYKF-ZDUSSCGKSA-N,
Nitrofurantoin,O=[N+]([O-])c2oc(/C=N/N1C(=O)NC(=O)C1)cc2,"InChI=1S/C8H6N4O5/c13-6-4-11(8(14)10-6)9-3-5-1-2-7(17-5)12(15)16/h1-3H,4H2,(H,10,13,14)/b9-3+",Key:NXFQHRVNIOXGAQ-YCRREMRBSA-N,
 Fosfomycin,C[C@H]1[C@H](O1)P(=O)(O)O,"InChI=1S/C3H7O4P/c1-2-3(7-2)8(4,5)6/h2-3H,1H3,(H2,4,5,6)/t2-,3+/m0/s1",Key:YMDXZJFXQJVXBF-STHAYSLISA-N,
Amoxicillin/Clavulanate,CC1(C(N2C(S1)C(C2=O)NC(=O)C(C3=CC=C(C=C3)O)N)C(=O)O)C.C1C2N(C1=O)C(C(=CCO)O2)C(=O)[O-].[K+],InChI=DWHGNUUWCJZQHO-ZVDZYBSKSA-M,"Key:1S/C16H19N3O5S.C8H9NO5.K/c1-16(2)11(15(23)24)19-13(22)10(14(19)25-16)18-12(21)9(17)7-3-5-8(20)6-4-7;10-2-1-4-7(8(12)13)9-5(11)3-6(9)14-4;/h3-6,9-11,14,20H,17H2,1-2H3,(H,18,21)(H,23,24);1,6-7,10H,2-3H2,(H,12,13);/q;;+1/p-1/b;4-1-;/t9-,10-,11+,14-;6-,7-;/m11./s1",
 Azithromycin,CN(C)[C@H]3C[C@@H](C)O[C@@H](O[C@@H]2[C@@H](C)[C@H](O[C@H]1C[C@@](C)(OC)[C@@H](O)[C@H](C)O1)[C@@H](C)C(=O)O[C@H](CC)[C@@](C)(O)[C@H](O)[C@@H](C)N(C)C[C@H](C)C[C@@]2(C)O)[C@@H]3O,"InChI=1S/C38H72N2O12/c1-15-27-38(10,46)31(42)24(6)40(13)19-20(2)17-36(8,45)33(52-35-29(41)26(39(11)12)16-21(3)48-35)22(4)30(23(5)34(44)50-27)51-28-18-37(9,47-14)32(43)25(7)49-28/h20-33,35,41-43,45-46H,15-19H2,1-14H3/t20-,21-,22+,23-,24-,25+,26+,27-,28+,29-,30+,31-,32+,33-,35+,36-,37-,38-/m1/s1",Key:MQTOSJVFKKJCRP-BICOPXKESA-N,
Penicillin G,CC1([C@@H](N2[C@H](S1)[C@@H](C2=O)NC(=O)Cc3ccccc3)C(=O)O)C,"InChI=1S/C16H18N2O4S/c1-16(2)12(15(21)22)18-13(20)11(14(18)23-16)17-10(19)8-9-6-4-3-5-7-9/h3-7,11-12,14H,8H2,1-2H3,(H,17,19)(H,21,22)/t11-,12+,14-/m1/s1",Key:JGSARLDLIJGVTE-MBNYWOFBSA-N,
 Penicillin G,CC1([C@@H](N2[C@H](S1)[C@@H](C2=O)NC(=O)Cc3ccccc3)C(=O)O)C,"InChI=1S/C16H18N2O4S/c1-16(2)12(15(21)22)18-13(20)11(14(18)23-16)17-10(19)8-9-6-4-3-5-7-9/h3-7,11-12,14H,8H2,1-2H3,(H,17,19)(H,21,22)/t11-,12+,14-/m1/s1",Key:JGSARLDLIJGVTE-MBNYWOFBSA-N,
Benznidazole,O=[N+]([O-])c1nccn1CC(=O)NCc2ccccc2,"InChI=1S/C12H12N4O3/c17-11(14-8-10-4-2-1-3-5-10)9-15-7-6-13-12(15)16(18)19/h1-7H,8-9H2,(H,14,17)",Key:CULUWZNBISUWAS-UHFFFAOYSA-N,
 Nifurtimox,CC1CS(=O)(=O)CCN1N=CC2=CC=C(O2)[N+](=O)[O-],"InChI=1S/C10H13N3O5S/c1-8-7-19(16,17)5-4-12(8)11-6-9-2-3-10(18-9)13(14)15/h2-3,6,8H,4-5,7H2,1H3",Key:ARFHIAQFJWUCFH-UHFFFAOYSA-N,
Cidofovir,O=C1/N=C(\C=C/N1C[C@H](OCP(=O)(O)O)CO)N,"InChI=1S/C8H14N3O6P/c9-7-1-2-11(8(13)10-7)3-6(4-12)17-5-18(14,15)16/h1-2,6,12H,3-5H2,(H2,9,10,13)(H2,14,15,16)/t6-/m0/s1",Key:VWFCHDSQECPREK-LURJTMIESA-N,
 Tecovirimat,FC(F)(F)c1ccc(cc1)C(=O)NN1C(=O)C2C(C3C=CC2C2CC32)C1=O,"InChI=1S/C19H15F3N2O3/c20-19(21,22)9-3-1-8(2-4-9)16(25)23-24-17(26)14-10-5-6-11(13-7-12(10)13)15(14)18(24)27/h1-6,10-15H,7H2,(H,23,25)",Key:CSKDFZIMJXRJGH-UHFFFAOYSA-N,
 Imiquimod,n3c1ccccc1c2c(ncn2CC(C)C)c3N,"InChI=1S/C14H16N4/c1-9(2)7-18-8-16-12-13(18)10-5-3-4-6-11(10)17-14(12)15/h3-6,8-9H,7H2,1-2H3,(H2,15,17)",Key:DOUYETYNHWVLEO-UHFFFAOYSA-N,
Rifampicin,CN1CCN(CC1)/N=C/c2c(O)c3c5C(=O)[C@@]4(C)O/C=C/[C@H](OC)[C@@H](C)[C@@H](OC(C)=O)[C@H](C)[C@H](O)[C@H](C)[C@@H](O)[C@@H](C)\C=C\C=C(\C)C(=O)Nc2c(O)c3c(O)c(C)c5O4,"InChI=1S/C43H58N4O12/c1-21-12-11-13-22(2)42(55)45-33-28(20-44-47-17-15-46(9)16-18-47)37(52)30-31(38(33)53)36(51)26(6)40-32(30)41(54)43(8,59-40)57-19-14-29(56-10)23(3)39(58-27(7)48)25(5)35(50)24(4)34(21)49/h11-14,19-21,23-25,29,34-35,39,49-53H,15-18H2,1-10H3,(H,45,55)/b12-11+,19-14+,22-13-,44-20+/t21-,23+,24+,25+,29-,34-,35+,39+,43-/m0/s1",Key:JQXXHWHPUNPDRT-WLSIYKJHSA-N,
Gentamicin,O[C@]3(C)[C@H](NC)[C@@H](O)[C@@H](O[C@H]2[C@H](N)C[C@H](N)[C@@H](O[C@H]1O[C@H](C(NC)C)CC[C@H]1N)[C@@H]2O)OC3,"InChI=1S/C21H43N5O7/c1-9(25-3)13-6-5-10(22)19(31-13)32-16-11(23)7-12(24)17(14(16)27)33-20-15(28)18(26-4)21(2,29)8-30-20/h9-20,25-29H,5-8,22-24H2,1-4H3/t9?,10-,11+,12-,13+,14+,15-,16-,17+,18-,19-,20-,21+/m1/s1",Key:CEAZRRDELHUEMR-URQXQFDESA-N,
Reserpine,[H][C@]26C[C@@H](OC(=O)c1cc(OC)c(OC)c(OC)c1)[C@H](OC)[C@@H](C(=O)OC)[C@@]2([H])C[C@]5([H])c4[nH]c3cc(OC)ccc3c4CCN5C6,"InChI=1S/C33H40N2O9/c1-38-19-7-8-20-21-9-10-35-16-18-13-27(44-32(36)17-11-25(39-2)30(41-4)26(12-17)40-3)31(42-5)28(33(37)43-6)22(18)15-24(35)29(21)34-23(20)14-19/h7-8,11-12,14,18,22,24,27-28,31,34H,9-10,13,15-16H2,1-6H3/t18-,22+,24-,27-,28+,31+/m1/s1",Key:QEVHRUUCFGRFIF-MDEJGZGSSA-N,
 Ajmaline,CC[C@H]1[C@H]5C[C@@H]4N([C@@H]1O)[C@H]6C[C@]3(c2ccccc2N(C)[C@H]34)[C@H](O)C56,"InChI=1S/C20H26N2O2/c1-3-10-11-8-14-17-20(12-6-4-5-7-13(12)21(17)2)9-15(16(11)18(20)23)22(14)19(10)24/h4-7,10-11,14-19,23-24H,3,8-9H2,1-2H3/t10-,11+,14-,15-,16?,17-,18+,19+,20+/m0/s1",Key:CJDRUOGAGYHKKD-SXKXKDIKSA-N,
Tetracycline,C[C@]1(c2cccc(c2C(=O)C3=C([C@]4([C@@H](C[C@@H]31)[C@@H](C(=C(C4=O)C(=O)N)O)N(C)C)O)O)O)O,"InChI=1S/C22H24N2O8/c1-21(31)8-5-4-6-11(25)12(8)16(26)13-9(21)7-10-15(24(2)3)17(27)14(20(23)30)19(29)22(10,32)18(13)28/h4-6,9-10,15,25,27-28,31-32H,7H2,1-3H3,(H2,23,30)/t9-,10-,15-,21+,22-/m0/s1",Key:OFVLGDICTFRJMM-WESIUVDSSA-N,
Silibinin,O=C4c5c(O)cc(O)cc5O[C@H](c2ccc1O[C@@H]([C@H](Oc1c2)c3ccc(O)c(OC)c3)CO)[C@H]4O,"InChI=1S/C25H22O10/c1-32-17-6-11(2-4-14(17)28)24-20(10-26)33-16-5-3-12(7-18(16)34-24)25-23(31)22(30)21-15(29)8-13(27)9-19(21)35-25/h2-9,20,23-29,31H,10H2,1H3/t20-,23+,24-,25-/m1/s1",Key:SEBFKMXJBCUCAI-HKTJVKLFSA-N,
 Neomycin,O([C@H]3[C@H](O[C@@H]2O[C@H](CO)[C@@H](O[C@H]1O[C@@H](CN)[C@@H](O)[C@H](O)[C@H]1N)[C@H]2O)[C@@H](O)[C@H](N)C[C@@H]3N)[C@H]4O[C@@H]([C@@H](O)[C@H](O)[C@H]4N)CN,"InChI=1S/C23H46N6O13/c24-2-7-13(32)15(34)10(28)21(37-7)40-18-6(27)1-5(26)12(31)20(18)42-23-17(36)19(9(4-30)39-23)41-22-11(29)16(35)14(33)8(3-25)38-22/h5-23,30-36H,1-4,24-29H2/t5-,6+,7+,8?,9+,10+,11-,12+,13+,14-,15+,16-,17+,18-,19+,20-,21+,22-,23-/m0/s1",Key:PGBHMTALBVVCIT-DPNHOFNISA-N,
Pyrimethamine,Clc2ccc(c1c(nc(nc1CC)N)N)cc2,"InChI=1S/C12H13ClN4/c1-2-9-10(11(14)17-12(15)16-9)7-3-5-8(13)6-4-7/h3-6H,2H2,1H3,(H4,14,15,16,17)",Key:WKSAUQYGYAYLPV-UHFFFAOYSA-N,
 Sulfadiazine,C1=CN=C(N=C1)NS(=O)(=O)C2=CC=C(C=C2)N,"InChI=1S/C10H10N4O2S/c11-8-2-4-9(5-3-8)17(15,16)14-10-12-6-1-7-13-10/h1-7H,11H2,(H,12,13,14)",SEEPANYCNGTZFQ-UHFFFAOYSA-N,
 Fenhexamid,CC1(CCCCC1)C(=O)NC2=C(C(=C(C=C2)O)Cl)Cl,"InChI=1S/C14H17Cl2NO2/c1-14(7-3-2-4-8-14)13(19)17-9-5-6-10(18)12(16)11(9)15/h5-6,18H,2-4,7-8H2,1H3,(H,17,19)",VDLGAVXLJYLFDH-UHFFFAOYSA-N,
 Thiabendazole,[nH]1c2ccccc2nc1c3cscn3,"InChI=1S/C10H7N3S/c1-2-4-8-7(3-1)12-10(13-8)9-5-14-6-11-9/h1-6H,(H,12,13)",Key:WJCNZQLZVWNLKY-UHFFFAOYSA-N,
Natamycin,OC(=O)[C@@H]3[C@@H](O)C[C@@]2(O)C[C@@H](O)C[C@H]4O[C@@H]4/C=C/C(=O)O[C@H](C)C\C=C\C=C\C=C\C=C\[C@H](O[C@@H]1O[C@H](C)[C@@H](O)[C@H](N)[C@@H]1O)C[C@@H]3O2,"InChI=1S/C33H47NO13/c1-18-10-8-6-4-3-5-7-9-11-21(45-32-30(39)28(34)29(38)19(2)44-32)15-25-27(31(40)41)22(36)17-33(42,47-25)16-20(35)14-24-23(46-24)12-13-26(37)43-18/h3-9,11-13,18-25,27-30,32,35-36,38-39,42H,10,14-17,34H2,1-2H3,(H,40,41)/b4-3+,7-5+,8-6+,11-9+,13-12+/t18-,19-,20+,21+,22+,23-,24-,25+,27-,28+,29-,30+,32+,33-/m1/s1",Key:NCXMLFZGDNKEPB-FFPOYIOWSA-N,
Oxytetracycline,CN(C)[C@@H]3C(\O)=C(\C(N)=O)C(=O)[C@@]4(O)C(/O)=C2/C(=O)c1c(cccc1O)[C@@](C)(O)[C@H]2[C@H](O)[C@@H]34,"InChI=1S/C22H24N2O9/c1-21(32)7-5-4-6-8(25)9(7)15(26)10-12(21)17(28)13-14(24(2)3)16(27)11(20(23)31)19(30)22(13,33)18(10)29/h4-6,12-14,17,25,27-29,32-33H,1-3H3,(H2,23,31)/t12-,13-,14+,17+,21-,22+/m1/s1",Key:IWVCMVBTMGNXQD-PXOLEDIWSA-N,
 Sulfamerazine,O=S(=O)(Nc1nc(ccn1)C)c2ccc(N)cc2,"InChI=1S/C11H12N4O2S/c1-8-6-7-13-11(14-8)15-18(16,17)10-4-2-9(12)3-5-10/h2-7H,12H2,1H3,(H,13,14,15)",Key:QPPBRPIAZZHUNT-UHFFFAOYSA-N,
Chlorhexidine,Clc1ccc(NC(=N)NC(=N)NCCCCCCNC(=N)NC(=N)Nc2ccc(Cl)cc2)cc1,"InChI=1S/C22H30Cl2N10/c23-15-5-9-17(10-6-15)31-21(27)33-19(25)29-13-3-1-2-4-14-30-20(26)34-22(28)32-18-11-7-16(24)8-12-18/h5-12H,1-4,13-14H2,(H5,25,27,29,31,33)(H5,26,28,30,32,34)",Key:GHXZTYHSJHQHIJ-UHFFFAOYSA-N,
 Fluoride,[F-],InChI=1S/FH/h1H/p-1,Key: KRHYYFGTRYWZRS-UHFFFAOYSA-M,
 Voriconazole,Fc1cncnc1[C@@H]([C@@](O)(c2ccc(F)cc2F)Cn3ncnc3)C,"InChI=1S/C16H14F3N5O/c1-10(15-14(19)5-20-7-22-15)16(25,6-24-9-21-8-23-24)12-3-2-11(17)4-13(12)18/h2-5,7-10,25H,6H2,1H3/t10-,16+/m0/s1",Key:BCEHBSKCWLPMDN-MGPLVRAMSA-N,
Acyclovir,O=C2/N=C(\Nc1n(cnc12)COCCO)N,"InChI=1S/C8H11N5O3/c9-8-11-6-5(7(15)12-8)10-3-13(6)4-16-2-1-14/h3,14H,1-2,4H2,(H3,9,11,12,15)",Key:MKUXAQIIEYXACX-UHFFFAOYSA-N,
 Valacyclovir,O=C(OCCOCn1c2N\C(=N/C(=O)c2nc1)N)[C@@H](N)C(C)C,"InChI=1S/C13H20N6O4/c1-7(2)8(14)12(21)23-4-3-22-6-19-5-16-9-10(19)17-13(15)18-11(9)20/h5,7-8H,3-4,6,14H2,1-2H3,(H3,15,17,18,20)/t8-/m0/s1",Key:HDOVUKNUBWVHOX-QMMMGPOBSA-N,
Ribavirin,OC[C@@H](O1)[C@@H](O)[C@@H](O)[C@@H]1N2N=C(C(N)=O)N=C2,"InChI=1S/C8H12N4O5/c9-6(16)7-10-2-12(11-7)8-5(15)4(14)3(1-13)17-8/h2-5,8,13-15H,1H2,(H2,9,16)/t3-,4-,5-,8-/m1/s1",Key:IWUCXVSUMQZMFG-AFCXAGJDSA-N,
 Sofosbuvir,C[C@@H](C(=O)OC(C)C)N[P@](=O)(OC[C@@H]1[C@H]([C@@]([C@@H](O1)N2C=CC(=O)NC2=O)(C)F)O)OC3=CC=CC=C3,"InChI=1S/C22H29FN3O9P/c1-13(2)33-19(29)14(3)25-36(31,35-15-8-6-5-7-9-15)32-12-16-18(28)22(4,23)20(34-16)26-11-10-17(27)24-21(26)30/h5-11,13-14,16,18,20,28H,12H2,1-4H3,(H,25,31)(H,24,27,30)/t14-,16+,18+,20+,22+,36-/m0/s1",Key:TTZHDVOVKQGIBA-IQWMDFIBSA-N,
Lamivudine,O=C1/N=C(/N)\C=C/N1[C@@H]2O[C@@H](SC2)CO,"InChI=1S/C8H11N3O3S/c9-5-1-2-11(8(13)10-5)6-4-15-7(3-12)14-6/h1-2,6-7,12H,3-4H2,(H2,9,10,13)/t6-,7+/m1/s1",Key:JTEGQNOMFQHVDC-RQJHMYQMSA-N,
 Tenofovir,C[C@H](Cn1cnc2c1ncnc2N)OCP(=O)(OCOC(=O)OC(C)C)OCOC(=O)OC(C)C,"InChI=1S/C19H30N5O10P/c1-12(2)33-18(25)28-9-31-35(27,32-10-29-19(26)34-13(3)4)11-30-14(5)6-24-8-23-15-16(20)21-7-22-17(15)24/h7-8,12-14H,6,9-11H2,1-5H3,(H2,20,21,22)/t14-/m1/s1",Key:JFVZFKDSXNQEJW-CQSZACIVSA-N,
Entecavir,C=C1C(CC(C1CO)O)N2C=NC3=C2N=C(NC3=O)N,"InChI=1S/C12H15N5O3/c1-5-6(3-18)8(19)2-7(5)17-4-14-9-10(17)15-12(13)16-11(9)20/h4,6-8,18-19H,1-3H2,(H3,13,15,16,20)/t6-,7-,8-/m0/s1",Key:QDGZDCVAUDNJFG-FXQIFTODSA-N,
 Telbivudine,Cc1cn([C@@H]2C[C@@H](O)[C@H](CO)O2)c(=O)[nH]c1=O,"InChI=1S/C10H14N2O5/c1-5-3-12(10(16)11-9(5)15)8-2-6(14)7(4-13)17-8/h3,6-8,13-14H,2,4H2,1H3,(H,11,15,16)/t6-,7+,8+/m1/s1",Key:IQFYYKKMVGJFEH-CSMHCCOUSA-N,
Adefovir,O=P(O)(O)COCCn1c2ncnc(c2nc1)N,"InChI=1S/C8H12N5O4P/c9-7-6-8(11-3-10-7)13(4-12-6)1-2-17-5-18(14,15)16/h3-4H,1-2,5H2,(H2,9,10,11)(H2,14,15,16)",Key:SUPKOOSCJHTBAH-UHFFFAOYSA-N,
 Emtricitabine,FC=1\C(=N/C(=O)N(C=1)[C@H]2O[C@H](SC2)CO)\N,"InChI=1S/C8H10FN3O3S/c9-4-1-12(8(14)11-7(4)10)5-3-16-6(2-13)15-5/h1,5-6,13H,2-3H2,(H2,10,11,14)/t5-,6+/m0/s1",Key:XQSPYNMVSIKCOC-NTSWFWBYSA-N,
Zidovudine,O=C1NC(C(C)=CN1[C@@H]2O[C@H](CO)[C@@H](N=[N+]=[N-])C2)=O,"InChI=1S/C10H13N5O4/c1-5-3-15(10(18)12-9(5)17)8-2-6(13-14-11)7(4-16)19-8/h3,6-8,16H,2,4H2,1H3,(H,12,17,18)/t6-,7+,8+/m0/s1",Key:HBOMLICNUCNMMY-XLPZGREQSA-N,
 Stavudine,O=C1/C(=C\N(C(=O)N1)[C@@H]/2O[C@@H](\C=C\2)CO)C,"InChI=1S/C10H12N2O4/c1-6-4-12(10(15)11-9(6)14)8-3-2-7(5-13)16-8/h2-4,7-8,13H,5H2,1H3,(H,11,14,15)/t7-,8+/m0/s1",Key:XNKLLVCARDGLGL-JGVFFNPUSA-N,
Didanosine,O=C3/N=C\Nc1c3ncn1[C@@H]2O[C@@H](CC2)CO,"InChI=1S/C10H12N4O3/c15-3-6-1-2-7(17-6)14-5-13-8-9(14)11-4-12-10(8)16/h4-7,15H,1-3H2,(H,11,12,16)/t6-,7+/m0/s1",Key:BXZVVICBKDXVGW-NKWVEPMBSA-N,
 Abacavir,n3c1c(ncn1[C@H]2/C=C\[C@@H](CO)C2)c(nc3N)NC4CC4,"InChI=1S/C14H18N6O/c15-14-18-12(17-9-2-3-9)11-13(19-14)20(7-16-11)10-4-1-8(5-10)6-21/h1,4,7-10,21H,2-3,5-6H2,(H3,15,17,18,19)/t8-,10+/m1/s1",Key:MCGSCOLBFJQGHM-SCZZXKLOSA-N,
Ganciclovir,O=C2/N=C(\Nc1n(cnc12)COC(CO)CO)N,"InChI=1S/C9H13N5O4/c10-9-12-7-6(8(17)13-9)11-3-14(7)4-18-5(1-15)2-16/h3,5,15-16H,1-2,4H2,(H3,10,12,13,17)",Key:IRSCQMHQWWYFCW-UHFFFAOYSA-N,
Foscarnet,O=C(O)P(=O)(O)O,"InChI=1S/CH3O5P/c2-1(3)7(4,5)6/h(H,2,3)(H2,4,5,6)",Key:ZJAOAACCNHFJAH-UHFFFAOYSA-N,
 Penciclovir,O=C2/N=C(\Nc1n(cnc12)CCC(CO)CO)N,"InChI=1S/C10H15N5O3/c11-10-13-8-7(9(18)14-10)12-5-15(8)2-1-6(3-16)4-17/h5-6,16-17H,1-4H2,(H3,11,13,14,18)",Key:JNTOCHDNEULJHD-UHFFFAOYSA-N,
Trifluridine,FC(F)(F)C=1C(=O)NC(=O)N(C=1)[C@@H]2O[C@@H]([C@@H](O)C2)CO,"InChI=1S/C10H11F3N2O5/c11-10(12,13)4-2-15(9(19)14-8(4)18)7-1-5(17)6(3-16)20-7/h2,5-7,16-17H,1,3H2,(H,14,18,19)/t5-,6+,7+/m0/s1",Key:VSQQQLOSPVPRAZ-RRKCRQDMSA-N,
 Brivudine,Br[C@H]=CC=1C(=O)NC(=O)N(C=1)[C@@H]2O[C@@H]([C@@H](O)C2)CO,"InChI=1S/C11H13BrN2O5/c12-2-1-6-4-14(11(18)13-10(6)17)9-3-7(16)8(5-15)19-9/h1-2,4,7-9,15-16H,3,5H2,(H,13,17,18)/b2-1+/t7-,8+,9+/m0/s1",Key:ODZBBRURCPAEIQ-PIXDULNESA-N,
Tilmicosin,O=C4\C=C\C(=C\[C@H](CO[C@@H]1O[C@H](C)[C@@H](O)[C@@H](OC)[C@H]1OC)[C@H](OC(=O)C[C@@H](O)[C@@H]([C@@H](O[C@@H]2O[C@@H]([C@@H](O)[C@H](N(C)C)[C@H]2O)C)[C@@H](CCN3C[C@H](C)C[C@H](C)C3)C[C@H]4C)C)CC)C,,,
 Florfenicol,ClC(Cl)C(=O)N[C@@H]([C@H](O)c1ccc(cc1)S(=O)(=O)C)CF,"InChI=1S/C12H14Cl2FNO4S/c1-21(19,20)8-4-2-7(3-5-8)10(17)9(6-15)16-12(18)11(13)14/h2-5,9-11,17H,6H2,1H3,(H,16,18)/t9-,10-/m1/s1",Key:AYIRNRDRBQJXIF-NXEZZACHSA-N,
 Enrofloxacin,O=C(O)\C3=C\N(c2cc(N1CCN(CC)CC1)c(F)cc2C3=O)C4CC4,"InChI=1S/C19H22FN3O3/c1-2-21-5-7-22(8-6-21)17-10-16-13(9-15(17)20)18(24)14(19(25)26)11-23(16)12-3-4-12/h9-12H,2-8H2,1H3,(H,25,26)",Key:SPFYMRJSYKOXGV-UHFFFAOYSA-N,
 Hydroxychloroquine,Clc1cc2nccc(c2cc1)NC(C)CCCN(CC)CCO,"InChI=1S/C18H26ClN3O/c1-3-22(11-12-23)10-4-5-14(2)21-17-8-9-20-18-13-15(19)6-7-16(17)18/h6-9,13-14,23H,3-5,10-12H2,1-2H3,(H,20,21)",Key:XXSMGPRMXLTPCZ-UHFFFAOYSA-N,
 Piperacillin,O=C(O)[C@@H]3N4C(=O)[C@@H](NC(=O)[C@@H](c1ccccc1)NC(=O)N2C(=O)C(=O)N(CC)CC2)[C@H]4SC3(C)C,"InChI=1S/C23H27N5O7S/c1-4-26-10-11-27(19(32)18(26)31)22(35)25-13(12-8-6-5-7-9-12)16(29)24-14-17(30)28-15(21(33)34)23(2,3)36-20(14)28/h5-9,13-15,20H,4,10-11H2,1-3H3,(H,24,29)(H,25,35)(H,33,34)/t13-,14-,15+,20-/m1/s1",Key:IVBHGBMCVLDMKU-GXNBUGAJSA-N,
Levofloxacin,C[C@H]1COc2c3n1cc(c(=O)c3cc(c2N4CCN(CC4)C)F)C(=O)O,"InChI=1S/C18H20FN3O4/c1-10-9-26-17-14-11(16(23)12(18(24)25)8-22(10)14)7-13(19)15(17)21-5-3-20(2)4-6-21/h7-8,10H,3-6,9H2,1-2H3,(H,24,25)/t10-/m0/s1",Key:GSDSWSVVBLHKDQ-JTQLQIEISA-N,
 Cefepime,O=C2N1/C(=C(\CS[C@@H]1[C@@H]2NC(=O)C(=N\OC)/c3nc(sc3)N)C[N+]4(C)CCCC4)C([O-])=O,"InChI=1S/C19H24N6O5S2/c1-25(5-3-4-6-25)7-10-8-31-17-13(16(27)24(17)14(10)18(28)29)22-15(26)12(23-30-2)11-9-32-19(20)21-11/h9,13,17H,3-8H2,1-2H3,(H3-,20,21,22,26,28,29)/b23-12-/t13-,17-/m1/s1",Key:HVFLCNVBZFFHBT-ZKDACBOMSA-N,
Chloramphenicol,c1cc(ccc1[C@H]([C@@H](CO)NC(=O)C(Cl)Cl)O)[N+](=O)[O-],"InChI=1S/C11H12Cl2N2O5/c12-10(13)11(18)14-8(5-16)9(17)6-1-3-7(4-2-6)15(19)20/h1-4,8-10,16-17H,5H2,(H,14,18)/t8-,9-/m1/s1",Key:WIIZWVCIJKGZOK-RKDXNWHRSA-N,
 Kanamycin,O([C@@H]2[C@@H](O)[C@H](O[C@H]1O[C@H](CN)[C@@H](O)[C@H](O)[C@H]1O)[C@@H](N)C[C@H]2N)[C@H]3O[C@@H]([C@@H](O)[C@H](N)[C@H]3O)CO,"InChI=1S/C18H36N4O11/c19-2-6-10(25)12(27)13(28)18(30-6)33-16-5(21)1-4(20)15(14(16)29)32-17-11(26)8(22)9(24)7(3-23)31-17/h4-18,23-29H,1-3,19-22H2/t4-,5+,6-,7-,8+,9-,10-,11-,12+,13-,14-,15+,16-,17-,18-/m1/s1",Key:SBUJHOSQTJFQJX-NOAMYHISSA-N,
 Daptomycin,CCCCCCCCCC(=O)N[C@@H](CC1=CNC2=CC=CC=C21)C(=O)N[C@H](CC(=O)N)C(=O)N[C@@H](CC(=O)O)C(=O)N[C@H]3[C@H](OC(=O)[C@@H](NC(=O)[C@@H](NC(=O)[C@H](NC(=O)CNC(=O)[C@@H](NC(=O)[C@H](NC(=O)[C@@H](NC(=O)[C@@H](NC(=O)CNC3=O)CCCN)CC(=O)O)C)CC(=O)O)CO)[C@H](C)CC(=O)O)CC(=O)C4=CC=CC=C4N)C,"InChI=1S/C72H101N17O26/c1-5-6-7-8-9-10-11-22-53(93)81-44(25-38-31-76-42-20-15-13-17-39(38)42)66(108)84-45(27-52(75)92)67(109)86-48(30-59(102)103)68(110)89-61-37(4)115-72(114)49(26-51(91)40-18-12-14-19-41(40)74)87-71(113)60(35(2)24-56(96)97)88-69(111)50(34-90)82-55(95)32-77-63(105)46(28-57(98)99)83-62(104)36(3)79-65(107)47(29-58(100)101)85-64(106)43(21-16-23-73)80-54(94)33-78-70(61)112/h12-15,17-20,31,35-37,43-50,60-61,76,90H,5-11,16,21-30,32-34,73-74H2,1-4H3,(H2,75,92)(H,77,105)(H,78,112)(H,79,107)(H,80,94)(H,81,93)(H,82,95)(H,83,104)(H,84,108)(H,85,106)(H,86,109)(H,87,113)(H,88,111)(H,89,110)(H,96,97)(H,98,99)(H,100,101)(H,102,103)/t35-,36-,37-,43+,44+,45+,46+,47+,48+,49+,50-,60+,61+/m1/s1 --&gt;",Key:DOAKLVKFURWEDJ-RWDRXURGSA-N,
Clindamycin,Cl[C@@H](C)[C@@H](NC(=O)[C@H]1N(C)C[C@H](CCC)C1)[C@H]2O[C@H](SC)[C@H](O)[C@@H](O)[C@H]2O,"InChI=1S/C18H33ClN2O5S/c1-5-6-10-7-11(21(3)8-10)17(25)20-12(9(2)19)16-14(23)13(22)15(24)18(26-16)27-4/h9-16,18,22-24H,5-8H2,1-4H3,(H,20,25)/t9-,10+,11-,12+,13-,14+,15+,16+,18+/m0/s1",Key:KDLRVYVGXIQJDK-AWPVFWJPSA-N,
 Aztreonam,O=S(=O)(O)N2C(=O)[C@@H](NC(=O)C(=N\OC(C(=O)O)(C)C)/c1nc(sc1)N)[C@@H]2C,"InChI=1S/C13H17N5O8S2/c1-5-7(10(20)18(5)28(23,24)25)16-9(19)8(6-4-27-12(14)15-6)17-26-13(2,3)11(21)22/h4-5,7H,1-3H3,(H2,14,15)(H,16,19)(H,21,22)(H,23,24,25)/b17-8-/t5-,7-/m0/s1",Key:WZPBZJONDBGPKJ-VEHQQRBSSA-N,
 Nitrofurantoin,O=[N+]([O-])c2oc(/C=N/N1C(=O)NC(=O)C1)cc2,"InChI=1S/C8H6N4O5/c13-6-4-11(8(14)10-6)9-3-5-1-2-7(17-5)12(15)16/h1-3H,4H2,(H,10,13,14)/b9-3+",Key:NXFQHRVNIOXGAQ-YCRREMRBSA-N,
 Ampicillin,CC1(C(N2C(S1)C(C2=O)NC(=O)C(C3=CC=CC=C3)N)C(=O)O)C,"InChI=1S/C16H19N3O4S/c1-16(2)11(15(22)23)19-13(21)10(14(19)24-16)18-12(20)9(17)8-6-4-3-5-7-8/h3-7,9-11,14H,17H2,1-2H3,(H,18,20)(H,22,23)/t9-,10-,11+,14-/m1/s1",Key:AVKUERGKIZMTKX-NJBDSQKTSA-N,
 Cephalexin,O=C2N1/C(=C(\CS[C@@H]1[C@@H]2NC(=O)[C@@H](c3ccccc3)N)C)C(=O)O,"InChI=1S/C16H17N3O4S/c1-8-7-24-15-11(14(21)19(15)12(8)16(22)23)18-13(20)10(17)9-5-3-2-4-6-9/h2-6,10-11,15H,7,17H2,1H3,(H,18,20)(H,22,23)/t10-,11-,15-/m1/s1",Key:ZAIPMKNFIOOWCQ-UEKVPHQBSA-N,
 Cefotaxime,O=C2N1/C(=C(\CS[C@@H]1[C@@H]2NC(=O)C(=N\OC)\c3nc(sc3)N)COC(=O)C)C(=O)O,"InChI=1S/C16H17N5O7S2/c1-6(22)28-3-7-4-29-14-10(13(24)21(14)11(7)15(25)26)19-12(23)9(20-27-2)8-5-30-16(17)18-8/h5,10,14H,3-4H2,1-2H3,(H2,17,18)(H,19,23)(H,25,26)/b20-9+/t10-,14-/m1/s1",Key:GPRBEKHLDVQUJE-VINNURBNSA-N,
 Cefuroxime,O=C2N1/C(=C(\CS[C@@H]1[C@@H]2NC(=O)C(=N\OC)\c3occc3)COC(=O)N)C(=O)O,"InChI=1S/C16H16N4O8S/c1-26-19-9(8-3-2-4-27-8)12(21)18-10-13(22)20-11(15(23)24)7(5-28-16(17)25)6-29-14(10)20/h2-4,10,14H,5-6H2,1H3,(H2,17,25)(H,18,21)(H,23,24)/b19-9+/t10-,14-/m1/s1",Key:JFPVXVDWJQMJEE-SWWZKJRFSA-N,
Moxifloxacin,COc1c2c(cc(c1N3C[C@@H]4CCCN[C@@H]4C3)F)c(=O)c(cn2C5CC5)C(=O)O,"InChI=1S/C21H24FN3O4/c1-29-20-17-13(19(26)14(21(27)28)9-25(17)12-4-5-12)7-15(22)18(20)24-8-11-3-2-6-23-16(11)10-24/h7,9,11-12,16,23H,2-6,8,10H2,1H3,(H,27,28)/t11-,16+/m0/s1",Key:FABPRXSRWADJSP-MEDUHNTESA-N,
 Ofloxacin,Fc4cc1c2N(/C=C(\C1=O)C(=O)O)C(COc2c4N3CCN(C)CC3)C,"InChI=1S/C18H20FN3O4/c1-10-9-26-17-14-11(16(23)12(18(24)25)8-22(10)14)7-13(19)15(17)21-5-3-20(2)4-6-21/h7-8,10H,3-6,9H2,1-2H3,(H,24,25)",Key:GSDSWSVVBLHKDQ-UHFFFAOYSA-N,
 Norfloxacin,O=C(O)\C2=C\N(c1cc(c(F)cc1C2=O)N3CCNCC3)CC,"InChI=1S/C16H18FN3O3/c1-2-19-9-11(16(22)23)15(21)10-7-12(17)14(8-13(10)19)20-5-3-18-4-6-20/h7-9,18H,2-6H2,1H3,(H,22,23)",Key:OGJPXUAPXNRGGI-UHFFFAOYSA-N,
Minocycline,CN(C)c1ccc(c2c1C[C@H]3C[C@H]4[C@@H](C(=C(C(=O)[C@]4(C(=C3C2=O)O)O)C(=O)N)O)N(C)C)O,"InChI=1S/C23H27N3O7/c1-25(2)12-5-6-13(27)15-10(12)7-9-8-11-17(26(3)4)19(29)16(22(24)32)21(31)23(11,33)20(30)14(9)18(15)28/h5-6,9,11,17,27,29-30,33H,7-8H2,1-4H3,(H2,24,32)/t9-,11-,17-,23-/m0/s1",Key:DYKFCLLONBREIL-KVUCHLLUSA-N,
 Demeclocycline,NC(=O)C1C(=O)[C@@]2(O)C(O)=C3C(=O)c4c(O)ccc(Cl)c4[C@@H](O)[C@H]3C[C@H]2C(C=1O)N(C)C,"InChI=1S/C21H21ClN2O8/c1-24(2)14-7-5-6-10(16(27)12-9(25)4-3-8(22)11(12)15(6)26)18(29)21(7,32)19(30)13(17(14)28)20(23)31/h3-4,6-7,14-15,25-26,28-29,32H,5H2,1-2H3,(H2,23,31)/t6-,7-,14-,15-,21-/m0/s1",Key:FMTDIUIBLCQGJB-SEYHBJAFSA-N,
Azlocillin,O=C(O)[C@@H]3N4C(=O)[C@@H](NC(=O)[C@@H](c1ccccc1)NC(=O)N2C(=O)NCC2)[C@H]4SC3(C)C,"InChI=1S/C20H23N5O6S/c1-20(2)13(17(28)29)25-15(27)12(16(25)32-20)22-14(26)11(10-6-4-3-5-7-10)23-19(31)24-9-8-21-18(24)30/h3-7,11-13,16H,8-9H2,1-2H3,(H,21,30)(H,22,26)(H,23,31)(H,28,29)/t11-,12-,13+,16-/m1/s1",Key:JTWOMNBEOCYFNV-NFFDBFGFSA-N,
 Mezlocillin,O=C(O)[C@@H]3N4C(=O)[C@@H](NC(=O)[C@@H](c1ccccc1)NC(=O)N2C(=O)N(S(=O)(=O)C)CC2)[C@H]4SC3(C)C,"InChI=1S/C21H25N5O8S2/c1-21(2)14(18(29)30)26-16(28)13(17(26)35-21)22-15(27)12(11-7-5-4-6-8-11)23-19(31)24-9-10-25(20(24)32)36(3,33)34/h4-8,12-14,17H,9-10H2,1-3H3,(H,22,27)(H,23,31)(H,29,30)/t12-,13-,14+,17-/m1/s1",Key:YPBATNHYBCGSSN-VWPFQQQWSA-N,
 Carbenicillin,O=C(O)[C@@H]2N3C(=O)[C@@H](NC(=O)C(c1ccccc1)C(=O)O)[C@H]3SC2(C)C,"InChI=1S/C17H18N2O6S/c1-17(2)11(16(24)25)19-13(21)10(14(19)26-17)18-12(20)9(15(22)23)8-6-4-3-5-7-8/h3-7,9-11,14H,1-2H3,(H,18,20)(H,22,23)(H,24,25)/t9?,10-,11+,14-/m1/s1",Key:FPPNZSSZRUTDAP-UWFZAAFLSA-N,
Fosfomycin,C[C@H]1[C@H](O1)P(=O)(O)O,"InChI=1S/C3H7O4P/c1-2-3(7-2)8(4,5)6/h2-3H,1H3,(H2,4,5,6)/t2-,3+/m0/s1",Key:YMDXZJFXQJVXBF-STHAYSLISA-N,
 Bacitracin,CCC(C)C(N)NC4=NC(C(=O)N[C@@H](CC(C)C)C(=O)N[C@H](CCC(O)=O)C(=O)N[C@@H](C(C)CC)C(=O)N[C@H]3CCCCNC(=O)[C@H](CC(N)=O)NC(=O)[C@@H](CC(O)=O)NC(=O)[C@H](Cc1cnc[nH]1)NC(=O)[C@@H](Cc2ccccc2)NC(=O)[C@H](C(C)CC)NC(=O)[C@@H](CCCN)NC3=O)CS4,"InChI=1S/C66H103N17O16S/c1-9-35(6)52(69)66-81-48(32-100-66)63(97)76-43(26-34(4)5)59(93)74-42(22-23-50(85)86)58(92)83-53(36(7)10-2)64(98)75-40-20-15-16-25-71-55(89)46(29-49(68)84)78-62(96)47(30-51(87)88)79-61(95)45(28-39-31-70-33-72-39)77-60(94)44(27-38-18-13-12-14-19-38)80-65(99)54(37(8)11-3)82-57(91)41(21-17-24-67)73-56(40)90/h12-14,18-19,31,33-37,40-48,52-54H,9-11,15-17,20-30,32,67,69H2,1-8H3,(H2,68,84)(H,70,72)(H,71,89)(H,73,90)(H,74,93)(H,75,98)(H,76,97)(H,77,94)(H,78,96)(H,79,95)(H,80,99)(H,82,91)(H,83,92)(H,85,86)(H,87,88)/t35?,36?,37?,40-,41+,42+,43-,44+,45-,46-,47+,48?,52?,53-,54-/m0/s1",Key:CLKOFPXJLQSYAH-NVOBBBONSA-N,
 Polymyxin B,NCCC(C(=O)NC1CCNC(=O)C(NC(=O)C(CCN)NC(=O)C(NC(=O)C(NC(=O)C(NC(=O)C(NC1=O)CCN)Cc1ccccc1)CC(C)C)CCN)C(O)C)NC(=O)C(C(O)C)NC(=O)C(NC(=O)CCCCC(CC)C)CCN,"InChI=1S/C56H98N16O13/c1-7-32(4)13-11-12-16-44(75)63-36(17-23-57)51(80)72-46(34(6)74)56(85)68-39(20-26-60)48(77)67-41-22-28-62-55(84)45(33(5)73)71-52(81)40(21-27-61)65-47(76)37(18-24-58)66-53(82)42(29-31(2)3)69-54(83)43(30-35-14-9-8-10-15-35)70-49(78)38(19-25-59)64-50(41)79/h8-10,14-15,31-34,36-43,45-46,73-74H,7,11-13,16-30,57-61H2,1-6H3,(H,62,84)(H,63,75)(H,64,79)(H,65,76)(H,66,82)(H,67,77)(H,68,85)(H,69,83)(H,70,78)(H,71,81)(H,72,80)",WQVJHHACXVLGBL-UHFFFAOYSA-N,
Erythromycin,CC[C@@H]1[C@@]([C@@H]([C@H](C(=O)[C@@H](C[C@@]([C@@H]([C@H]([C@@H]([C@H](C(=O)O1)C)O[C@H]2C[C@@]([C@H]([C@@H](O2)C)O)(C)OC)C)O[C@H]3[C@@H]([C@H](C[C@H](O3)C)N(C)C)O)(C)O)C)C)O)(C)O,"InChI=1S/C37H67NO13/c1-14-25-37(10,45)30(41)20(4)27(39)18(2)16-35(8,44)32(51-34-28(40)24(38(11)12)15-19(3)47-34)21(5)29(22(6)33(43)49-25)50-26-17-36(9,46-13)31(42)23(7)48-26/h18-26,28-32,34,40-42,44-45H,14-17H2,1-13H3/t18-,19-,20+,21+,22-,23+,24+,25-,26+,28-,29+,30-,31+,32-,34+,35-,36-,37-/m1/s1",Key:ULGZDMOVFRHVEP-RWJQBGPGSA-N,
 Cefadroxil,O=C2N1/C(=C(\CS[C@@H]1[C@@H]2NC(=O)[C@@H](c3ccc(O)cc3)N)C)C(=O)O.O,"InChI=1S/C16H17N3O5S.H2O/c1-7-6-25-15-11(14(22)19(15)12(7)16(23)24)18-13(21)10(17)8-2-4-9(20)5-3-8;/h2-5,10-11,15,20H,6,17H2,1H3,(H,18,21)(H,23,24);1H2/t10-,11-,15-;/m1./s1",Key:NBFNMSULHIODTC-CYJZLJNKSA-N,
Cefazolin,O=C2N1/C(=C(\CS[C@@H]1[C@@H]2NC(=O)Cn3nnnc3)CSc4nnc(s4)C)C(=O)O,"InChI=1S/C14H14N8O4S3/c1-6-17-18-14(29-6)28-4-7-3-27-12-9(11(24)22(12)10(7)13(25)26)16-8(23)2-21-5-15-19-20-21/h5,9,12H,2-4H2,1H3,(H,16,23)(H,25,26)/t9-,12-/m1/s1",Key:MLYYVTUWGNIJIB-BXKDBHETSA-N,
 Cephalothin,O=C2N1/C(=C(\CS[C@@H]1[C@@H]2NC(=O)Cc3sccc3)COC(=O)C)C(=O)O,"InChI=1S/C16H16N2O6S2/c1-8(19)24-6-9-7-26-15-12(14(21)18(15)13(9)16(22)23)17-11(20)5-10-3-2-4-25-10/h2-4,12,15H,5-7H2,1H3,(H,17,20)(H,22,23)/t12-,15-/m1/s1",Key:XIURVHNZVLADCM-IUODEOHRSA-N,
 Cefaclor,O=C2N1/C(=C(/Cl)CS[C@@H]1[C@@H]2NC(=O)[C@@H](c3ccccc3)N)C(=O)O.O,"InChI=1S/C15H14ClN3O4S.H2O/c16-8-6-24-14-10(13(21)19(14)11(8)15(22)23)18-12(20)9(17)7-4-2-1-3-5-7;/h1-5,9-10,14H,6,17H2,(H,18,20)(H,22,23);1H2/t9-,10-,14-;/m1./s1",Key:WKJGTOYAEQDNIA-IOOZKYRYSA-N,
Trimethoprim,Nc1nc(N)ncc1Cc(cc2OC)cc(OC)c2OC,"InChI=1S/C14H18N4O3/c1-19-10-5-8(6-11(20-2)12(10)21-3)4-9-7-17-14(16)18-13(9)15/h5-7H,4H2,1-3H3,(H4,15,16,17,18)",Key:IEDVJHCEMCRBQM-UHFFFAOYSA-N,
 Sulfamethoxazole,Nc1ccc(cc1)S(=O)(=O)Nc2cc(C)on2,"InChI=1S/C10H11N3O3S/c1-7-6-10(12-16-7)13-17(14,15)9-4-2-8(11)3-5-9/h2-6H,11H2,1H3,(H,12,13)",Key:JLKIGFTWXXRPMT-UHFFFAOYSA-N,
Cefotaxime,O=C2N1/C(=C(\CS[C@@H]1[C@@H]2NC(=O)C(=N\OC)\c3nc(sc3)N)COC(=O)C)C(=O)O,"InChI=1S/C16H17N5O7S2/c1-6(22)28-3-7-4-29-14-10(13(24)21(14)11(7)15(25)26)19-12(23)9(20-27-2)8-5-30-16(17)18-8/h5,10,14H,3-4H2,1-2H3,(H2,17,18)(H,19,23)(H,25,26)/b20-9+/t10-,14-/m1/s1",Key:GPRBEKHLDVQUJE-VINNURBNSA-N,
Cephalexin,O=C2N1/C(=C(\CS[C@@H]1[C@@H]2NC(=O)[C@@H](c3ccccc3)N)C)C(=O)O,"InChI=1S/C16H17N3O4S/c1-8-7-24-15-11(14(21)19(15)12(8)16(22)23)18-13(20)10(17)9-5-3-2-4-6-9/h2-6,10-11,15H,7,17H2,1H3,(H,18,20)(H,22,23)/t10-,11-,15-/m1/s1",Key:ZAIPMKNFIOOWCQ-UEKVPHQBSA-N,
 Minocycline,CN(C)c1ccc(c2c1C[C@H]3C[C@H]4[C@@H](C(=C(C(=O)[C@]4(C(=C3C2=O)O)O)C(=O)N)O)N(C)C)O,"InChI=1S/C23H27N3O7/c1-25(2)12-5-6-13(27)15-10(12)7-9-8-11-17(26(3)4)19(29)16(22(24)32)21(31)23(11,33)20(30)14(9)18(15)28/h5-6,9,11,17,27,29-30,33H,7-8H2,1-4H3,(H2,24,32)/t9-,11-,17-,23-/m0/s1",Key:DYKFCLLONBREIL-KVUCHLLUSA-N,
Nitazoxanide,O=C(Nc1ncc(s1)[N+]([O-])=O)c2ccccc2OC(=O)C,"InChI=1S/C12H9N3O5S/c1-7(16)20-9-5-3-2-4-8(9)11(17)14-12-13-6-10(21-12)15(18)19/h2-6H,1H3,(H,13,14,17)",Key:YQNQNVDNTFHQSW-UHFFFAOYSA-N,
 Paromomycin,O=S(=O)(O)O.O([C@H]3[C@H](O[C@@H]2O[C@H](CO)[C@@H](O[C@H]1O[C@@H](CN)[C@@H](O)[C@H](O)[C@H]1N)[C@H]2O)[C@@H](O)[C@H](N)C[C@@H]3N)[C@H]4O[C@@H]([C@@H](O)[C@H](O)[C@H]4N)CO,"InChI=1S/C23H45N5O14.H2O4S/c24-2-7-13(32)15(34)10(27)21(37-7)41-19-9(4-30)39-23(17(19)36)42-20-12(31)5(25)1-6(26)18(20)40-22-11(28)16(35)14(33)8(3-29)38-22;1-5(2,3)4/h5-23,29-36H,1-4,24-28H2;(H2,1,2,3,4)/t5-,6+,7+,8-,9-,10-,11-,12+,13-,14-,15-,16-,17-,18-,19-,20-,21-,22-,23+;/m1./s1",Key:LJRDOKAZOAKLDU-UDXJMMFXSA-N,
 Polyhexamethylene biguanide,CCCCCCN=C(N)N=C(N)N,"InChI=1S/C8H19N5/c1-2-3-4-5-6-12-8(11)13-7(9)10/h2-6H2,1H3,(H6,9,10,11,12,13)",VAZJLPXFVQHDFB-UHFFFAOYSA-N,
 Miltefosine,[O-]P(=O)(OCCCCCCCCCCCCCCCC)OCC[N+](C)(C)C,"InChI=1S/C21H46NO4P/c1-5-6-7-8-9-10-11-12-13-14-15-16-17-18-20-25-27(23,24)26-21-19-22(2,3)4/h5-21H2,1-4H3",Key:PQLXHQMOHUQAKB-UHFFFAOYSA-N,
Artemisinin,O=C3O[C@@H]4O[C@@]1(OO[C@@]42[C@@H](CC1)[C@H](C)CC[C@H]2[C@H]3C)C,"InChI=1S/C15H22O5/c1-8-4-5-11-9(2)12(16)17-13-15(11)10(8)6-7-14(3,18-13)19-20-15/h8-11,13H,4-7H2,1-3H3/t8-,9-,10+,11+,13-,14-,15-/m1/s1",Key:BLUAFEHZUWYNDE-NNWCWBAJSA-N,
 Chloroquine,Clc1cc2nccc(c2cc1)NC(C)CCCN(CC)CC,"InChI=1S/C18H26ClN3/c1-4-22(5-2)12-6-7-14(3)21-17-10-11-20-18-13-15(19)8-9-16(17)18/h8-11,13-14H,4-7,12H2,1-3H3,(H,20,21)",Key:WHTVZRBIWZFKQO-UHFFFAOYSA-N,
 Mefloquine,FC(F)(F)c2cccc1c(cc(nc12)C(F)(F)F)[C@H](O)[C@@H]3NCCCC3,"InChI=1S/C17H16F6N2O/c18-16(19,20)11-5-3-4-9-10(15(26)12-6-1-2-7-24-12)8-13(17(21,22)23)25-14(9)11/h3-5,8,12,15,24,26H,1-2,6-7H2/t12-,15+/m1/s1",Key:XEEQGYMUWCZPDN-DOMZBBRYSA-N,
 Pentamidine,O(c1ccc(cc1)C(=[N@H])N)CCCCCOc2ccc(C(=[N@H])N)cc2,"InChI=1S/C19H24N4O2/c20-18(21)14-4-8-16(9-5-14)24-12-2-1-3-13-25-17-10-6-15(7-11-17)19(22)23/h4-11H,1-3,12-13H2,(H3,20,21)(H3,22,23)",Key:XDRYMKDFEDOLFX-UHFFFAOYSA-N,
 Albendazole,CCCSc2ccc1nc(NC(=O)OC)[nH]c1c2,"InChI=1S/C12H15N3O2S/c1-3-6-18-8-4-5-9-10(7-8)14-11(13-9)15-12(16)17-2/h4-5,7H,3,6H2,1-2H3,(H2,13,14,15,16)",Key:HXHWSAZORRCQMX-UHFFFAOYSA-N,
 Nitazoxanide,O=C(Nc1ncc(s1)[N+]([O-])=O)c2ccccc2OC(=O)C,"InChI=1S/C12H9N3O5S/c1-7(16)20-9-5-3-2-4-8(9)11(17)14-12-13-6-10(21-12)15(18)19/h2-6H,1H3,(H,13,14,17)",Key:YQNQNVDNTFHQSW-UHFFFAOYSA-N,
 Sodium stibogluconate,[Na+].[Na+].[Na+].O=[Sb]2(O[Sb]1(=O)OC([C@H](O)CO)[C@H](O)[C@@H](O1)C([O-])=O)O[C@@H]([C@H](O)[C@@H](O2)C([O-])=O)[C@H](O)CO,"InChI=1S/2C6H10O7.3Na.3O.2Sb/c2*7-1-2(8)3(9)4(10)5(11)6(12)13;;;;;;;;/h2*2-5,7-8,10H,1H2,(H,12,13);;;;;;;;/q2*-2;3*+1;;;;2*+2/p-2/t2-,3?,4+,5-;2-,3-,4+,5-;;;;;;;;/m11......../s1",Key:RTLKTTNTVTVWPV-UQCYVGCHSA-L,
Praziquantel,O=C4N2C(c1c(cccc1)CC2)CN(C(=O)C3CCCCC3)C4,"InChI=1S/C19H24N2O2/c22-18-13-20(19(23)15-7-2-1-3-8-15)12-17-16-9-5-4-6-14(16)10-11-21(17)18/h4-6,9,15,17H,1-3,7-8,10-13H2",Key:FSVJFNAIGNNGKK-UHFFFAOYSA-N,
Terbinafine,C(#C\C=C\CN(C)Cc2cccc1ccccc12)C(C)(C)C,"InChI=1S/C21H25N/c1-21(2,3)15-8-5-9-16-22(4)17-19-13-10-12-18-11-6-7-14-20(18)19/h5-7,9-14H,16-17H2,1-4H3/b9-5+",Key:DOMXUEMWDBAQBQ-WEVVVXLNSA-N,
 Primaquine,O(c1cc(NC(C)CCCN)c2ncccc2c1)C,"InChI=1S/C15H21N3O/c1-11(5-3-7-16)18-14-10-13(19-2)9-12-6-4-8-17-15(12)14/h4,6,8-11,18H,3,5,7,16H2,1-2H3",Key:INDBQLZJXZLFIT-UHFFFAOYSA-N,
Tylosin,CC[C@@H]1[C@H](/C=C(/C=C/C(=O)[C@@H](C[C@@H]([C@@H]([C@H]([C@@H](CC(=O)O1)O)C)O[C@H]2[C@@H]([C@H]([C@@H]([C@H](O2)C)O[C@H]3C[C@@]([C@H]([C@@H](O3)C)O)(C)O)N(C)C)O)CC=O)C)\C)CO[C@H]4[C@@H]([C@@H]([C@@H]([C@H](O4)C)O)OC)OC,"InChI=1S/C46H77NO17/c1-13-33-30(22-58-45-42(57-12)41(56-11)37(52)26(5)60-45)18-23(2)14-15-31(49)24(3)19-29(16-17-48)39(25(4)32(50)20-34(51)62-33)64-44-38(53)36(47(9)10)40(27(6)61-44)63-35-21-46(8,55)43(54)28(7)59-35/h14-15,17-18,24-30,32-33,35-45,50,52-55H,13,16,19-22H2,1-12H3/b15-14+,23-18+/t24-,25+,26-,27-,28+,29+,30-,32-,33-,35+,36-,37-,38-,39-,40-,41-,42-,43+,44+,45-,46-/m1/s1",Key:WBPYTXDJUQJLPQ-VMXQISHHSA-N,
Amoxicillin-clavulanate,CC1(C(N2C(S1)C(C2=O)NC(=O)C(C3=CC=C(C=C3)O)N)C(=O)O)C.C1C2N(C1=O)C(C(=CCO)O2)C(=O)[O-].[K+],InChI=DWHGNUUWCJZQHO-ZVDZYBSKSA-M,"Key:1S/C16H19N3O5S.C8H9NO5.K/c1-16(2)11(15(23)24)19-13(22)10(14(19)25-16)18-12(21)9(17)7-3-5-8(20)6-4-7;10-2-1-4-7(8(12)13)9-5(11)3-6(9)14-4;/h3-6,9-11,14,20H,17H2,1-2H3,(H,18,21)(H,23,24);1,6-7,10H,2-3H2,(H,12,13);/q;;+1/p-1/b;4-1-;/t9-,10-,11+,14-;6-,7-;/m11./s1",
Oxacillin,[H][C@]12SC(C)(C)[C@@H](N1C(=O)[C@H]2NC(=O)C1=C(C)ON=C1C1=CC=CC=C1)C(O)=O,"InChI=1S/C19H19N3O5S/c1-9-11(12(21-27-9)10-7-5-4-6-8-10)15(23)20-13-16(24)22-14(18(25)26)19(2,3)28-17(13)22/h4-8,13-14,17H,1-3H3,(H,20,23)(H,25,26)/t13-,14+,17-/m1/s1",Key:UWYHMGVUTGAWSP-JKIFEVAISA-N,
 Cefazolin,O=C2N1/C(=C(\CS[C@@H]1[C@@H]2NC(=O)Cn3nnnc3)CSc4nnc(s4)C)C(=O)O,"InChI=1S/C14H14N8O4S3/c1-6-17-18-14(29-6)28-4-7-3-27-12-9(11(24)22(12)10(7)13(25)26)16-8(23)2-21-5-15-19-20-21/h5,9,12H,2-4H2,1H3,(H,16,23)(H,25,26)/t9-,12-/m1/s1",Key:MLYYVTUWGNIJIB-BXKDBHETSA-N,
Doxorubicin,C[C@H]1[C@H]([C@H](C[C@@H](O1)O[C@H]2C[C@@](Cc3c2c(c4c(c3O)C(=O)c5cccc(c5C4=O)OC)O)(C(=O)CO)O)N)O,"InChI=1S/C27H29NO11/c1-10-22(31)13(28)6-17(38-10)39-15-8-27 (36,16(30)9â€“29)7-12-19(15)26(35)21â€“20(24(12)33)23 (32)11-4-3-5-14(37â€“2)18(11)25(21)34/h3-5,10,13,15, 17,22,29,31,33,35-36H,6â€“9,28H2,1-2H3/t10-,13-,15-,17-,22+,27-/m0/s1",Key:AOJJSUZBOXZQNB-TZSSRYMLSA-N,
 Daunorubicin,C[C@H]1[C@H]([C@H](C[C@@H](O1)O[C@H]2C[C@@](Cc3c2c(c4c(c3O)C(=O)c5cccc(c5C4=O)OC)O)(C(=O)C)O)N)O,"InChI=1S/C27H29NO10/c1-10-22(30)14(28)7-17(37-10)38-16-9-27(35,11(2)29)8-13-19(16)26(34)21-20(24(13)32)23(31)12-5-4-6-15(36-3)18(12)25(21)33/h4-6,10,14,16-17,22,30,32,34-35H,7-9,28H2,1-3H3/t10-,14-,16-,17-,22+,27-/m0/s1",Key:STQGQHZAVUOBTE-VGBVRHCVSA-N,
Atovaquone,OC=2C(=O)c1ccccc1C(=O)C=2[C@@H]3CC[C@H](CC3)c4ccc(Cl)cc4,"InChI=1S/C22H19ClO3/c23-16-11-9-14(10-12-16)13-5-7-15(8-6-13)19-20(24)17-3-1-2-4-18(17)21(25)22(19)26/h1-4,9-13,15,26H,5-8H2/t13-,15-",Key:KUCQYCKVKVOKAY-CTYIDZIISA-N,
 Moxidectin,CC(C)\C=C(/C)[C@H]5O[C@@]2(C[C@H]1OC(=O)[C@@H]3/C=C(/C)[C@@H](O)[C@H]4OC/C(=C\C=C\[C@H](C)CC(\C)=C\C[C@H](C1)O2)[C@@]34O)C\C(=N\OC)[C@@H]5C,"InChI=1S/C37H53NO8/c1-21(2)14-25(6)33-26(7)31(38-42-8)19-36(46-33)18-29-17-28(45-36)13-12-23(4)15-22(3)10-9-11-27-20-43-34-32(39)24(5)16-30(35(40)44-29)37(27,34)41/h9-12,14,16,21-22,26,28-30,32-34,39,41H,13,15,17-20H2,1-8H3/b10-9+,23-12+,25-14+,27-11+,38-31-/t22-,26-,28+,29-,30-,32+,33+,34+,36-,37+/m0/s1",Key:YZBLFMPOMVTDJY-CBYMMZEQSA-N,
Mefloquine,FC(F)(F)c2cccc1c(cc(nc12)C(F)(F)F)[C@H](O)[C@@H]3NCCCC3,"InChI=1S/C17H16F6N2O/c18-16(19,20)11-5-3-4-9-10(15(26)12-6-1-2-7-24-12)8-13(17(21,22)23)25-14(9)11/h3-5,8,12,15,24,26H,1-2,6-7H2/t12-,15+/m1/s1",Key:XEEQGYMUWCZPDN-DOMZBBRYSA-N,
Quinine,[H][C@@]1([C@@H](C2=CC=NC3=CC=C(C=C23)OC)O)C[C@@H]4CC[N@]1C[C@@H]4C=C,"InChI=1S/C20H24N2O2/c1-3-13-12-22-9-7-14(13)10-19(22)20(23)16-6-8-21-18-5-4-15(24-2)11-17(16)18/h3-6,8,11,13-14,19-20,23H,1,7,9-10,12H2,2H3/t13-,14-,19-,20+/m0/s1",Key:LOUPRKONTZGTKE-WZBLMQSHSA-N,
Sulfadiazine,C1=CN=C(N=C1)NS(=O)(=O)C2=CC=C(C=C2)N,"InChI=1S/C10H10N4O2S/c11-8-2-4-9(5-3-8)17(15,16)14-10-12-6-1-7-13-10/h1-7H,11H2,(H,12,13,14)",SEEPANYCNGTZFQ-UHFFFAOYSA-N,
Quinine sulfate,[H][C@@]1([C@@H](C2=CC=NC3=CC=C(C=C23)OC)O)C[C@@H]4CC[N@]1C[C@@H]4C=C,"InChI=1S/C20H24N2O2/c1-3-13-12-22-9-7-14(13)10-19(22)20(23)16-6-8-21-18-5-4-15(24-2)11-17(16)18/h3-6,8,11,13-14,19-20,23H,1,7,9-10,12H2,2H3/t13-,14-,19-,20+/m0/s1",Key:LOUPRKONTZGTKE-WZBLMQSHSA-N,
 Ivermectin,CC[C@H](C)[C@@H]1[C@H](CC[C@@]2(O1)C[C@@H]3C[C@H](O2)C/C=C(/[C@H]([C@H](/C=C/C=C/4\CO[C@H]5[C@@]4([C@@H](C=C([C@H]5O)C)C(=O)O3)O)C)O[C@H]6C[C@@H]([C@H]([C@@H](O6)C)O[C@H]7C[C@@H]([C@H]([C@@H](O7)C)O)OC)OC)\C)C.C[C@H]1CC[C@]2(C[C@@H]3C[C@H](O2)C/C=C(/[C@H]([C@H](/C=C/C=C/4\CO[C@H]5[C@@]4([C@@H](C=C([C@H]5O)C)C(=O)O3)O)C)O[C@H]6C[C@@H]([C@H]([C@@H](O6)C)O[C@H]7C[C@@H]([C@H]([C@@H](O7)C)O)OC)OC)\C)O[C@@H]1C(C)C,"InChI=1S/C48H74O14.C47H72O14/c1-11-25(2)43-28(5)17-18-47(62-43)23-34-20-33(61-47)16-15-27(4)42(26(3)13-12-14-32-24-55-45-40(49)29(6)19-35(46(51)58-34)48(32,45)52)59-39-22-37(54-10)44(31(8)57-39)60-38-21-36(53-9)41(50)30(7)56-38;1-24(2)41-27(5)16-17-46(61-41)22-33-19-32(60-46)15-14-26(4)42(25(3)12-11-13-31-23-54-44-39(48)28(6)18â€“34(45(50)57-33)47(31,44)51)58-38-21-36(53â€“10)43(30(8)56â€“38)59-37-20-35(52â€“9)40(49)29(7)55-37/h12-15,19,25-26,28,30-31,33-45,49-50,52H,11,16-18,20-24H2,1-10H3;11-14,18,24-25,27,29-30,32-44,48-49,51H,15-17,19-23H2,1-10H3/b13-12+,27-15+,32-14+;12-11+,26-14+,31-13+/t25-,26-,28-,30-,31-,33+,34-,35-,36-,37-,38-,39-,40+,41-,42-,43+,44-,45+,47+,48+;25-,27-,29-,30-,32+,33-,34-,35-,36-,37-,38-,39+,40-,41+,42-,43-,44+,46+,47+/m00/s1",Key:SPBDXSGPUHCETR-JFUDTMANSA-N,
 Levamisole,N\2=C1/SCCN1C[C@@H]/2c3ccccc3,"InChI=1S/C11H12N2S/c1-2-4-9(5-3-1)10-8-13-6-7-14-11(13)12-10/h1-5,10H,6-8H2/t10-/m1/s1",Key:HLFSDGLLUJUHTE-SNVBAGLBSA-N,
 Spinosad,A: O([C@H]1C[C@]2([C@]3([C@]([C@]4(C(=C3)C(=O)[C@H](C)[C@@H](O[C@@H]5O[C@H](C)[C@@H](N(C)C)CC5)CCC[C@H](CC)OC(=O)C4)[H])(C=C[C@@]2(C1)[H])[H])[H])[H])[C@H]6[C@H](OC)[C@H](OC)[C@@H](OC)[C@H](C)O6,"InChI=1S/C41H65NO10/c1-10-26-12-11-13-34(52-36-17-16-33(42(5)6)23(3)48-36)22(2)37(44)32-20-30-28(31(32)21-35(43)50-26)15-14-25-18-27(19-29(25)30)51-41-40(47-9)39(46-8)38(45-7)24(4)49-41/h14-15,20,22-31,33-34,36,38-41H,10-13,16-19,21H2,1-9H3/t22-,23-,24+,25-,26+,27-,28-,29-,30-,31+,33+,34+,36+,38+,39-,40-,41+/m1/s1",SRJQTHAZUNRMPR-UYQKXTDMSA-N,
Azoxystrobin,O=C(OC)\C(=C\OC)c3ccccc3Oc2ncnc(Oc1c(C#N)cccc1)c2,"InChI=1S/C22H17N3O5/c1-27-13-17(22(26)28-2)16-8-4-6-10-19(16)30-21-11-20(24-14-25-21)29-18-9-5-3-7-15(18)12-23/h3-11,13-14H,1-2H3/b17-13+",WFDXOXNFNRHQEC-GHRIWEEISA-N,
 Propiconazole,Clc1ccc(c(Cl)c1)C2(OCC(O2)CCC)Cn3ncnc3,"nChI=1S/C15H17Cl2N3O2/c1-2-3-12-7-21-15(22-12,8-20-10-18-9-19-20)13-5-4-11(16)6-14(13)17/h4-6,9-10,12H,2-3,7-8H2,1H3",STJLVHWMYQXCPB-UHFFFAOYSA-N,
 Chlorothalonil,Clc1c(C#N)c(Cl)c(C#N)c(Cl)c1Cl,InChI=1S/C8Cl4N2/c9-5-3(1-13)6(10)8(12)7(11)4(5)2-14,CRQQGFGUEAVUIL-UHFFFAOYSA-N,
 Ganciclovir,O=C2/N=C(\Nc1n(cnc12)COC(CO)CO)N,"InChI=1S/C9H13N5O4/c10-9-12-7-6(8(17)13-9)11-3-14(7)4-18-5(1-15)2-16/h3,5,15-16H,1-2,4H2,(H3,10,12,13,17)",Key:IRSCQMHQWWYFCW-UHFFFAOYSA-N,
 Valganciclovir,O=C(OCC(OCn1c2N\C(=N/C(=O)c2nc1)N)CO)[C@@H](N)C(C)C,"InChI=1S/C14H22N6O5/c1-7(2)9(15)13(23)24-4-8(3-21)25-6-20-5-17-10-11(20)18-14(16)19-12(10)22/h5,7-9,21H,3-4,6,15H2,1-2H3,(H3,16,18,19,22)/t8?,9-/m0/s1",Key:WPVFJKSGQUFQAP-GKAPJAKFSA-N,
 Foscarnet,O=C(O)P(=O)(O)O,"InChI=1S/CH3O5P/c2-1(3)7(4,5)6/h(H,2,3)(H2,4,5,6)",Key:ZJAOAACCNHFJAH-UHFFFAOYSA-N,
Remdesivir,CCC(COC(=O)[C@@H](NP(=O)(Oc1ccccc1)OC[C@H]1O[C@@]([C@@H]([C@@H]1O)O)(C#N)c1ccc2n1ncnc2N)C)CC,"InChI=1S/C27H35N6O8P/c1-4-18(5-2)13-38-26(36)17(3)32-42(37,41-19-9-7-6-8-10-19)39-14-21-23(34)24(35)27(15-28,40-21)22-12-11-20-25(29)30-16-31-33(20)22/h6-12,16-18,21,23-24,34-35H,4-5,13-14H2,1-3H3,(H,32,37)(H2,29,30,31)/t17-,21+,23+,24+,27-,42-/m0/s1",Key:RWWYLEGWBNMMLJ-YSOARWBDSA-N,
 Dexamethasone,O=C(CO)[C@]3(O)[C@]2(C[C@H](O)[C@]4(F)[C@@]1(C(=CC(=O)C=C1)CC[C@H]4[C@@H]2C[C@H]3C)C)C,"InChI=1S/C22H29FO5/c1-12-8-16-15-5-4-13-9-14(25)6-7-19(13,2)21(15,23)17(26)10-20(16,3)22(12,28)18(27)11-24/h6-7,9,12,15-17,24,26,28H,4-5,8,10-11H2,1-3H3/t12-,15+,16+,17+,19+,20+,21+,22+/m1/s1",Key:UREBDLICKHMUKA-CXSFZGCWSA-N,
 Tilmicosin,O=C4\C=C\C(=C\[C@H](CO[C@@H]1O[C@H](C)[C@@H](O)[C@@H](OC)[C@H]1OC)[C@H](OC(=O)C[C@@H](O)[C@@H]([C@@H](O[C@@H]2O[C@@H]([C@@H](O)[C@H](N(C)C)[C@H]2O)C)[C@@H](CCN3C[C@H](C)C[C@H](C)C3)C[C@H]4C)C)CC)C,"InChI=1S/C46H80N2O13/c1-13-36-33(24-57-46-44(56-12)43(55-11)40(53)31(8)59-46)19-25(2)14-15-34(49)28(5)20-32(16-17-48-22-26(3)18-27(4)23-48)42(29(6)35(50)21-37(51)60-36)61-45-41(54)38(47(9)10)39(52)30(7)58-45/h14-15,19,26-33,35-36,38-46,50,52-54H,13,16-18,20-24H2,1-12H3/b15-14+,25-19+/t26-,27+,28-,29+,30-,31-,32+,33-,35-,36-,38+,39-,40-,41-,42-,43-,44-,45+,46-/m1/s1",JTSDBFGMPLKDCD-XVFHVFLVSA-N,
 Pyrantel pamoate,CN1CCCN=C1/C=C/c2cccs2,"InChI=1S/C11H14N2S/c1-13-8-3-7-12-11(13)6-5-10-4-2-9-14-10/h2,4-6,9H,3,7-8H2,1H3/b6-5+",Key:YSAUAVHXTIETRK-AATRIKPKSA-N,
 Oxamniquine,CC(C)NCC1CCC2=CC(=C(C=C2N1)[N+](=O)[O-])CO,"InChI=1S/C14H21N3O3/c1-9(2)15-7-12-4-3-10-5-11(8-18)14(17(19)20)6-13(10)16-12/h5-6,9,12,15-16,18H,3-4,7-8H2,1-2H3",Key:XCGYUJZMCCFSRP-UHFFFAOYSA-N,
Carbendazim,COC(=O)Nc2nc1ccccc1[nH]2,"InChI=1S/C9H9N3O2/c1-14-9(13)12-8-10-6-4-2-3-5-7(6)11-8/h2-5H,1H3,(H2,10,11,12,13",TWFZGCMQGLPBSX-UHFFFAOYSA-N,
 Thiophanate-methyl,COC(=O)NC(=S)NC1=CC=CC=C1NC(=S)NC(=O)OC,"InChI=1S/C12H14N4O4S2/c1-19-11(17)15-9(21)13-7-5-3-4-6-8(7)14-10(22)16-12(18)20-2/h3-6H,1-2H3,(H2,13,15,17,21)(H2,14,16,18,22)",QGHREAKMXXNCOA-UHFFFAOYSA-N,
Caspofungin,[C@@]12(N(C[C@@H](C1)O)C([C@H]([C@@H](C)O)NC(=O)[C@](C[C@H]([C@@H](NCCN)NC([C@@H]3[C@H](CCN3C([C@H]([C@@H](CCN)O)NC(=O)[C@H]([C@@H]([C@H](C4=CC=C(C=C4)O)O)O)NC2=O)=O)O)=O)O)(NC(CCCCCCCC[C@H](C[C@H](CC)C)C)=O)[H])=O)[H],,,
 Griseofulvin,O=C2c3c(O[C@@]21C(/OC)=C\C(=O)C[C@H]1C)c(Cl)c(OC)cc3OC,"InChI=1S/C17H17ClO6/c1-8-5-9(19)6-12(23-4)17(8)16(20)13-10(21-2)7-11(22-3)14(18)15(13)24-17/h6-8H,5H2,1-4H3/t8-,17+/m1/s1",Key:DDUHZTYCFQRHIY-RBHXEPJQSA-N,
 Doramectin,,"InChI=1S/C50H74O14/c1-27-13-12-16-34-26-57-47-42(51)30(4)21-37(50(34,47)54)48(53)60-36-22-35(63-49(25-36)20-19-29(3)45(64-49)33-14-10-9-11-15-33)18-17-28(2)44(27)61-41-24-39(56-8)46(32(6)59-41)62-40-23-38(55-7)43(52)31(5)58-40/h12-13,16-17,19-21,27,29,31-33,35-47,51-52,54H,9-11,14-15,18,22-26H2,1-8H3/b13-12+,28-17+,34-16+/t27-,29-,31-,32-,35+,36-,37-,38-,39-,40-,41-,42+,43-,44-,45-,46-,47+,49+,50+/m0/s1",Key:QLFZZSKTJWDQOS-YDBLARSUSA-N,
 Clavulanate,O=C2N1[C@H](C(/O[C@@H]1C2)=C/CO)C(=O)O,"InChI=1S/C8H9NO5/c10-2-1-4-7(8(12)13)9-5(11)3-6(9)14-4/h1,6-7,10H,2-3H2,(H,12,13)/b4-1-/t6-,7-/m1/s1",Key:HZZVJAQRINQKSD-PBFISZAISA-N,
Oseltamivir,CCC(CC)OC1C=C(CC(C1NC(=O)C)N)C(=O)OCC,"InChI=1S/C16H28N2O4/c1-5-12(6-2)22-14-9-11(16(20)21-7-3)8-13(17)15(14)18-10(4)19/h9,12-15H,5-8,17H2,1-4H3,(H,18,19)/t13-,14+,15+/m0/s1",Key:VSZGPKBBMSAYNT-RRFJBIMHSA-N,
 Zanamivir,O=C(O)C=1O[C@@H]([C@H](O)[C@H](O)CO)[C@H](NC(=O)C)[C@@H](/N=C(\N)N)C=1,"InChI=1S/C12H20N4O7/c1-4(18)15-8-5(16-12(13)14)2-7(11(21)22)23-10(8)9(20)6(19)3-17/h2,5-6,8-10,17,19-20H,3H2,1H3,(H,15,18)(H,21,22)(H4,13,14,16)/t5-,6+,8+,9+,10+/m0/s1",Key:ARAIBEBZBOPLMB-UFGQHTETSA-N,
Tenofovir,C[C@H](Cn1cnc2c1ncnc2N)OCP(=O)(OCOC(=O)OC(C)C)OCOC(=O)OC(C)C,"InChI=1S/C19H30N5O10P/c1-12(2)33-18(25)28-9-31-35(27,32-10-29-19(26)34-13(3)4)11-30-14(5)6-24-8-23-15-16(20)21-7-22-17(15)24/h7-8,12-14H,6,9-11H2,1-5H3,(H2,20,21,22)/t14-/m1/s1",Key:JFVZFKDSXNQEJW-CQSZACIVSA-N,
 Entecavir,C=C1C(CC(C1CO)O)N2C=NC3=C2N=C(NC3=O)N,"InChI=1S/C12H15N5O3/c1-5-6(3-18)8(19)2-7(5)17-4-14-9-10(17)15-12(13)16-11(9)20/h4,6-8,18-19H,1-3H2,(H3,13,15,16,20)/t6-,7-,8-/m0/s1",Key:QDGZDCVAUDNJFG-FXQIFTODSA-N,
 Lamivudine,O=C1/N=C(/N)\C=C/N1[C@@H]2O[C@@H](SC2)CO,"InChI=1S/C8H11N3O3S/c9-5-1-2-11(8(13)10-5)6-4-15-7(3-12)14-6/h1-2,6-7,12H,3-4H2,(H2,9,10,13)/t6-,7+/m1/s1",Key:JTEGQNOMFQHVDC-RQJHMYQMSA-N,
 Adefovir,O=P(O)(O)COCCn1c2ncnc(c2nc1)N,"InChI=1S/C8H12N5O4P/c9-7-6-8(11-3-10-7)13(4-12-6)1-2-17-5-18(14,15)16/h3-4H,1-2,5H2,(H2,9,10,11)(H2,14,15,16)",Key:SUPKOOSCJHTBAH-UHFFFAOYSA-N,
 Ribavirin,OC[C@@H](O1)[C@@H](O)[C@@H](O)[C@@H]1N2N=C(C(N)=O)N=C2,"InChI=1S/C8H12N4O5/c9-6(16)7-10-2-12(11-7)8-5(15)4(14)3(1-13)17-8/h2-5,8,13-15H,1H2,(H2,9,16)/t3-,4-,5-,8-/m1/s1",Key:IWUCXVSUMQZMFG-AFCXAGJDSA-N,
Imidocarb,O=C(Nc2cc(C/1=N/CCN\1)ccc2)Nc3cccc(c3)/C4=N/CCN4,"InChI=1S/C19H20N6O/c26-19(24-15-5-1-3-13(11-15)17-20-7-8-21-17)25-16-6-2-4-14(12-16)18-22-9-10-23-18/h1-6,11-12H,7-10H2,(H,20,21)(H,22,23)(H2,24,25,26)",SCEVFJUWLLRELN-UHFFFAOYSA-N,
 Zidovudine,O=C1NC(C(C)=CN1[C@@H]2O[C@H](CO)[C@@H](N=[N+]=[N-])C2)=O,"InChI=1S/C10H13N5O4/c1-5-3-15(10(18)12-9(5)17)8-2-6(13-14-11)7(4-16)19-8/h3,6-8,16H,2,4H2,1H3,(H,12,17,18)/t6-,7+,8+/m0/s1",Key:HBOMLICNUCNMMY-XLPZGREQSA-N,
 such as Cidofovir,O=C1/N=C(\C=C/N1C[C@H](OCP(=O)(O)O)CO)N,"InChI=1S/C8H14N3O6P/c9-7-1-2-11(8(13)10-7)3-6(4-12)17-5-18(14,15)16/h1-2,6,12H,3-5H2,(H2,9,10,13)(H2,14,15,16)/t6-/m0/s1",Key:VWFCHDSQECPREK-LURJTMIESA-N,
Vitamin A,OC/C=C(C)/C=C/C=C(C)/C=C/C1=C(C)/CCCC1(C)C,"InChI=1S/C20H30O/c1-16(8-6-9-17(2)13-15-21)11-12-19-18(3)10-7-14-20(19,4)5/h6,8-9,11-13,21H,7,10,14-15H2,1-5H3/b9-6+,12-11+,16-8+,17-13+",Key:FPIPGXGPPPQFEQ-OVSJKPMPSA-N,
 Metrifonate,COP(=O)(C(C(Cl)(Cl)Cl)O)OC,"InChI=1S/C4H8Cl3O4P/c1-10-12(9,11-2)3(8)4(5,6)7/h3,8H,1-2H3",Key:NFACJZMKEDPNKN-UHFFFAOYSA-N,
 Remdesivir,CCC(COC(=O)[C@@H](NP(=O)(Oc1ccccc1)OC[C@H]1O[C@@]([C@@H]([C@@H]1O)O)(C#N)c1ccc2n1ncnc2N)C)CC,"InChI=1S/C27H35N6O8P/c1-4-18(5-2)13-38-26(36)17(3)32-42(37,41-19-9-7-6-8-10-19)39-14-21-23(34)24(35)27(15-28,40-21)22-12-11-20-25(29)30-16-31-33(20)22/h6-12,16-18,21,23-24,34-35H,4-5,13-14H2,1-3H3,(H,32,37)(H2,29,30,31)/t17-,21+,23+,24+,27-,42-/m0/s1",Key:RWWYLEGWBNMMLJ-YSOARWBDSA-N,
 Peramivir,CCC(CC)[C@@H]([C@H]1[C@@H](C[C@@H]([C@H]1O)C(=O)O)NC(=N)N)NC(=O)C,"InChI=1S/C15H28N4O4/c1-4-8(5-2)12(18-7(3)20)11-10(19-15(16)17)6-9(13(11)21)14(22)23/h8-13,21H,4-6H2,1-3H3,(H,18,20)(H,22,23)(H4,16,17,19)/t9-,10+,11+,12-,13+/m0/s1",Key:XRQDFNLINLXZLB-CKIKVBCHSA-N,
 Famciclovir,O=C(OCC(COC(=O)C)CCn1c2nc(ncc2nc1)N)C,"InChI=1S/C14H19N5O4/c1-9(20)22-6-11(7-23-10(2)21)3-4-19-8-17-12-5-16-14(15)18-13(12)19/h5,8,11H,3-4,6-7H2,1-2H3,(H2,15,16,18)",Key:GGXKWVWZWMLJEH-UHFFFAOYSA-N,
Permethrin,Cl/C(Cl)=C/C3C(C(=O)OCc2cccc(Oc1ccccc1)c2)C3(C)C,"InChI=1S/C21H20Cl2O3/c1-21(2)17(12-18(22)23)19(21)20(24)25-13-14-7-6-10-16(11-14)26-15-8-4-3-5-9-15/h3-12,17,19H,13H2,1-2H3",Key:RLLPVAHGXHCWKJ-UHFFFAOYSA-N,
 Picaridin,O=C(OC(C)CC)N1C(CCO)CCCC1,"InChI=1S/C12H23NO3/c1-3-10(2)16-12(15)13-8-5-4-6-11(13)7-9-14/h10-11,14H,3-9H2,1-2H3",QLHULAHOXSSASE-UHFFFAOYSA-N,
 Fumagillin,CC(=CC[C@@H]1[C@@](O1)(C)[C@H]2[C@@H]([C@@H](CC[C@]23CO3)OC(=O)/C=C/C=C/C=C/C=C/C(=O)O)OC)C,"InChI=1S/C26H34O7/c1-18(2)13-14-20-25(3,33-20)24-23(30-4)19(15-16-26(24)17-31-26)32-22(29)12-10-8-6-5-7-9-11-21(27)28/h5-13,19-20,23-24H,14-17H2,1-4H3,(H,27,28)/b7-5+,8-6+,11-9+,12-10+/t19-,20-,23-,24-,25+,26+/m1/s1",Key:NGGMYCMLYOUNGM-CSDLUJIJSA-N,
Methicillin,CC1([C@@H](N2[C@H](S1)[C@@H](C2=O)NC(=O)C3=C(C=CC=C3OC)OC)C(=O)O)C,"InChI=1S/C17H20N2O6S/c1-17(2)12(16(22)23)19-14(21)11(15(19)26-17)18-13(20)10-8(24-3)6-5-7-9(10)25-4/h5-7,11-12,15H,1-4H3,(H,18,20)(H,22,23)/t11-,12+,15-/m1/s1",RJQXTJLFIWVMTO-TYNCELHUSA-N,
Ketoconazole,O=C(N5CCN(c4ccc(OC[C@@H]1O[C@](OC1)(c2ccc(Cl)cc2Cl)Cn3ccnc3)cc4)CC5)C,"InChI=1S/C26H28Cl2N4O4/c1-19(33)31-10-12-32(13-11-31)21-3-5-22(6-4-21)34-15-23-16-35-26(36-23,17-30-9-8-29-18-30)24-7-2-20(27)14-25(24)28/h2-9,14,18,23H,10-13,15-17H2,1H3/t23-,26-/m0/s1",Key:XMAYWYJOQHXEEK-OZXSUGGESA-N,
Ephedrine,C[C@@H]([C@@H](C1=CC=CC=C1)O)NC,"InChI=1S/C10H15NO/c1-8(11-2)10(12)9-6-4-3-5-7-9/h3-8,10-12H,1-2H3/t8-,10-/m0/s1",Key:KWGRBVOPPLSCSI-WPRPVWTQSA-N,
 pseudoephedrine,O[C@@H](c1ccccc1)[C@@H](NC)C,"InChI=1S/C10H15NO/c1-8(11-2)10(12)9-6-4-3-5-7-9/h3-8,10-12H,1-2H3/t8-,10+/m0/s1",Key:KWGRBVOPPLSCSI-WCBMZHEXSA-N,
Anti-inflammatory compounds like Verbascoside,C[C@H]1[C@@H]([C@H]([C@H]([C@@H](O1)O[C@@H]2[C@H]([C@@H](O[C@@H]([C@H]2OC(=O)/C=C/C3=CC(=C(C=C3)O)O)CO)OCCC4=CC(=C(C=C4)O)O)O)O)O)O,"InChI=1S/C29H36O15/c1-13-22(36)23(37)24(38)29(41-13)44-27-25(39)28(40-9-8-15-3-6-17(32)19(34)11-15)42-20(12-30)26(27)43-21(35)7-4-14-2-5-16(31)18(33)10-14/h2-7,10-11,13,20,22-34,36-39H,8-9,12H2,1H3/b7-4+/t13-,20+,22-,23+,24+,25+,26+,27+,28+,29-/m0/s1",FBSKJMQYURKNSU-ZLSOWSIRSA-N,
 Harpagoside,C[C@@]1(C[C@H]([C@]2([C@@H]1[C@@H](OC=C2)O[C@H]3[C@@H]([C@H]([C@@H]([C@H](O3)CO)O)O)O)O)O)OC(=O)/C=C/c4ccccc4,,,
 Oseltamivir,CCC(CC)OC1C=C(CC(C1NC(=O)C)N)C(=O)OCC,"InChI=1S/C16H28N2O4/c1-5-12(6-2)22-14-9-11(16(20)21-7-3)8-13(17)15(14)18-10(4)19/h9,12-15H,5-8,17H2,1-4H3,(H,18,19)/t13-,14+,15+/m0/s1",Key:VSZGPKBBMSAYNT-RRFJBIMHSA-N,
 Quinine,[H][C@@]1([C@@H](C2=CC=NC3=CC=C(C=C23)OC)O)C[C@@H]4CC[N@]1C[C@@H]4C=C,"InChI=1S/C20H24N2O2/c1-3-13-12-22-9-7-14(13)10-19(22)20(23)16-6-8-21-18-5-4-15(24-2)11-17(16)18/h3-6,8,11,13-14,19-20,23H,1,7,9-10,12H2,2H3/t13-,14-,19-,20+/m0/s1",Key:LOUPRKONTZGTKE-WZBLMQSHSA-N,
Niclosamide,Clc2cc(ccc2NC(=O)c1cc(Cl)ccc1O)[N+]([O-])=O,"InChI=1S/C13H8Cl2N2O4/c14-7-1-4-12(18)9(5-7)13(19)16-11-3-2-8(17(20)21)6-10(11)15/h1-6,18H,(H,16,19)",Key:RJMUSRYZPJIFPJ-UHFFFAOYSA-N,
 Praziquantel,O=C4N2C(c1c(cccc1)CC2)CN(C(=O)C3CCCCC3)C4,"InChI=1S/C19H24N2O2/c22-18-13-20(19(23)15-7-2-1-3-8-15)12-17-16-9-5-4-6-14(16)10-11-21(17)18/h4-6,9,15,17H,1-3,7-8,10-13H2",Key:FSVJFNAIGNNGKK-UHFFFAOYSA-N,
 Amantadine,C1C2CC3CC1CC(C2)(C3)N,"InChI=1S/C10H17N/c11-10-4-7-1-8(5-10)3-9(2-7)6-10/h7-9H,1-6,11H2",Key:DKNWSYNQZKUICI-UHFFFAOYSA-N,
 Rimantadine,NC(C)C13CC2CC(CC(C1)C2)C3,"InChI=1S/C12H21N/c1-8(13)12-5-9-2-10(6-12)4-11(3-9)7-12/h8-11H,2-7,13H2,1H3",Key:UBCHPRBFMUDMNC-UHFFFAOYSA-N,
 Omeprazole,CC1=CN=C(C(=C1OC)C)CS(=O)C2=NC3=C(N2)C=C(C=C3)OC,"InChI=1S/C17H19N3O3S/c1-10-8-18-15(11(2)16(10)23-4)9-24(21)17-19-13-6-5-12(22-3)7-14(13)20-17/h5-8H,9H2,1-4H3,(H,19,20)",Key:SUBDBMMJDZJVOS-UHFFFAOYSA-N,
Digoxin,O=C\1OC/C(=C/1)[C@H]2CC[C@@]8(O)[C@]2(C)[C@H](O)C[C@H]7[C@H]8CC[C@H]6[C@]7(C)CC[C@H](O[C@@H]5O[C@H](C)[C@@H](O[C@@H]4O[C@@H]([C@@H](O[C@@H]3O[C@@H]([C@@H](O)[C@@H](O)C3)C)[C@@H](O)C4)C)[C@@H](O)C5)C6,"InChI=1S/C41H64O14/c1-19-36(47)28(42)15-34(50-19)54-38-21(3)52-35(17-30(38)44)55-37-20(2)51-33(16-29(37)43)53-24-8-10-39(4)23(13-24)6-7-26-27(39)14-31(45)40(5)25(9-11-41(26,40)48)22-12-32(46)49-18-22/h12,19-21,23-31,33-38,42-45,47-48H,6-11,13-18H2,1-5H3/t19-,20-,21-,23-,24+,25-,26-,27+,28+,29+,30+,31-,33+,34+,35+,36-,37-,38-,39+,40+,41+/m1/s1",Key:LTMHDMANZUZIPE-PUGKRICDSA-N,
Atropine,CN3[C@H]1CC[C@@H]3C[C@@H](C1)OC(=O)C(CO)c2ccccc2,"InChI=1S/C17H23NO3/c1-18-13-7-8-14(18)10-15(9-13)21-17(20)16(11-19)12-5-3-2-4-6-12/h2-6,13-16,19H,7-11H2,1H3/t13-,14+,15+,16?",Key:RKUNBYITZUJHSG-SPUOUPEWSA-N,
Physostigmine,O=C(Oc1cc2c(cc1)N([C@H]3N(CC[C@@]23C)C)C)NC,"InChI=1S/C15H21N3O2/c1-15-7-8-17(3)13(15)18(4)12-6-5-10(9-11(12)15)20-14(19)16-2/h5-6,9,13H,7-8H2,1-4H3,(H,16,19)/t13-,15+/m1/s1",Key:PIJVFDBKTWXHHD-HIFRSBDPSA-N,
Oseltamivir ,CCC(CC)OC1C=C(CC(C1NC(=O)C)N)C(=O)OCC,"InChI=1S/C16H28N2O4/c1-5-12(6-2)22-14-9-11(16(20)21-7-3)8-13(17)15(14)18-10(4)19/h9,12-15H,5-8,17H2,1-4H3,(H,18,19)/t13-,14+,15+/m0/s1",Key:VSZGPKBBMSAYNT-RRFJBIMHSA-N,
Valganciclovir,O=C(OCC(OCn1c2N\C(=N/C(=O)c2nc1)N)CO)[C@@H](N)C(C)C,"InChI=1S/C14H22N6O5/c1-7(2)9(15)13(23)24-4-8(3-21)25-6-20-5-17-10-11(20)18-14(16)19-12(10)22/h5,7-9,21H,3-4,6,15H2,1-2H3,(H3,16,18,19,22)/t8?,9-/m0/s1",Key:WPVFJKSGQUFQAP-GKAPJAKFSA-N,
Imiquimod,n3c1ccccc1c2c(ncn2CC(C)C)c3N,"InChI=1S/C14H16N4/c1-9(2)7-18-8-16-12-13(18)10-5-3-4-6-11(10)17-14(12)15/h3-6,8-9H,7H2,1-2H3,(H2,15,17)",Key:DOUYETYNHWVLEO-UHFFFAOYSA-N,
 Podophyllotoxin,COc1cc(cc(c1OC)OC)[C@@H]2c3cc4c(cc3[C@@H]([C@@H]5[C@@H]2C(=O)OC5)O)OCO4,"InChI=1S/C22H22O8/c1-25-16-4-10(5-17(26-2)21(16)27-3)18-11-6-14-15(30-9-29-14)7-12(11)20(23)13-8-28-22(24)19(13)18/h4-7,13,18-20,23H,8-9H2,1-3H3/t13-,18+,19-,20-/m0/s1",Key:YJGVMLPVUAXIQN-XVVDYKMHSA-N,
Brincidofovir,CCCCCCCCCCCCCCCCOCCCOP(=O)(O)CO[C@H](CO)Cn1ccc(N)nc1=O,"InChI=1S/C27H52N3O7P/c1-2-3-4-5-6-7-8-9-10-11-12-13-14-15-19-35-20-16-21-37-38(33,34)24-36-25(23-31)22-30-18-17-26(28)29-27(30)32/h17-18,25,31H,2-16,19-24H2,1H3,(H,33,34)(H2,28,29,32)/t25-/m0/s1",Key:WXJFKKQWPMNTIM-VWLOTQADSA-N,
Antiretroviral therapy  - Emtricitabine,FC=1\C(=N/C(=O)N(C=1)[C@H]2O[C@H](SC2)CO)\N,"InChI=1S/C8H10FN3O3S/c9-4-1-12(8(14)11-7(4)10)5-3-16-6(2-13)15-5/h1,5-6,13H,2-3H2,(H2,10,11,14)/t5-,6+/m0/s1",Key:XQSPYNMVSIKCOC-NTSWFWBYSA-N,
 Efavirenz,O=C1Nc2ccc(Cl)cc2[C@@](C#CC2CC2)(C(F)(F)F)O1,"InChI=1S/C14H9ClF3NO2/c15-9-3-4-11-10(7-9)13(14(16,17)18,21-12(20)19-11)6-5-8-1-2-8/h3-4,7-8H,1-2H2,(H,19,20)/t13-/m0/s1",Key:XPOQHMRABVBWPR-ZDUSSCGKSA-N,
Amantadine,C1C2CC3CC1CC(C2)(C3)N,"InChI=1S/C10H17N/c11-10-4-7-1-8(5-10)3-9(2-7)6-10/h7-9H,1-6,11H2",Key:DKNWSYNQZKUICI-UHFFFAOYSA-N,
